hoxhaandrea63@gmail.com:Reikelvi
sdcpacocody@gmail.com:
hunterdieni@gmail.com:PORTRAITDEVIE2002
frederick.konyot@gmail.com:tuboby123
eduardorifocampos@gmail.com:EduardoRifo949
tuquewes@gmail.com:Soyunweontonto
bonilladonado04@gmail.com:
gemrmarek@gmail.com:dhjawdfhalwdjka;1265356DFJHGTAS
gemrmarek@gmail.com:dkjgfhfvgjkdKULGZJHFKG14651xdehjfg57574
galaxxy.internet024@gmail.com:Sommer.123
rooneygeorges04@gmail.com:rg24680rg
mehdibelhocine05@gmail.com:Mehdi25102005
ff8578282@gmail.com:axilaxil
gmn1957@gmail.com:HAMADAHASNA57
lbnzwrt@gmail.com:153153153c
loverlilia555@gmail.com:MA194MA@^\
ArouaSolo231@gmail.com:KIMOKIMO1234
anwrmtzballhl@gmail.com:03092008nonomadexx
freeuse14@gmail.com:03092008nonomadexx
freeforyou14@gmail.com:03092008nonomadexx
hesterkaren711@gmail.com:03092008nonomadexx
fgerewr1346@gmail.com:03092008nonomadexx
arafat.suha061@gmail.com:03092008nonomadexx
oliviawilson2025@gmail.com:03092008nonomadexx
donaldbencatering@gmail.com:03092008nonomadexx
ottoh4373@gmail.com:03092008nonomadexx
angelawarren025@gmail.com:03092008nonomadexx
axundova010@gmail.com:03092008nonomadexx
x.kemal54@gmail.com:03092008nonomadexx
ebrarx50452@gmail.com:03092008nonomadexx
alicangs205420@gmail.com:03092008nonomadexx
bakicansenturk4615@gmail.com:03092008nonomadexx
mrchallenger3@gmail.com:03092008nonomadexx
brand2020@gmail.com:03092008nonomadexx
chainsawman1@gmail.com:03092008nonomadexx
mrmadexx0@gmail.com:03092008mrmadexx
mjonary123@gmail.com:swanbee+756
zxswanzx@gmail.com:Goodtree1990
goolsyk@gmail.com:Goodtree1990
mohreda0101@gmail.com:M7001557367
mohamedmadkour828@gmail.com:mohamed_123
kareemdadoor6@gmail.com:01501306741kk#
eldeeb5018@gmail.com:9521846901111
mahmoodasherf@gmail.com:freefire2008
mariomedhat1418@gmail.com:MmaRioOo*MeDhaT@01286645126#01501609126$161820%181220
maxaboelkasem@gmail.com:ahmedmamdouh01099606042
awael2133@gmail.com:ahmed.wael.yt.com
zsmsm4088@gmail.com:nora1979
aldalym413@gmail.com:qazxcvbnm90@
a7md.dietch@gmail.com:dietch123456!@#$%^
mos3od97@gmail.com:Mmd&01212991747
am7878afff@gmail.com:Aa5902111aa
m1abdelaal@gmail.com:roubyelnouby66
jesussanchezvz@gmail.com:Buleria4$
jexusanchez2@gmail.com:Buleria4$
formaciofp@xtec.cat:Formaciofp_2020
yashagency.beed@gmail.com:9545025500
thuglifebro69oficial@gmail.com:A1225847b
hirutfanta1212@gmail.com:ethiopia
deejakash1@gmail.com:devakash656774
deejakash@gmail.com:devakash656774350852
deejadi01@gmail.com:dev656774350852
alex-du-772vint@hotmail.fr:patricia1
mathis.julien28@gmail.com:d3s28Octobre_
matthiaslmlol@gmail.com:SDL742742
sgt.labranlette.aka@gmail.com:matthias7
spindoc62@gmail.com:Pr0sP1dn1ckH1ll
stevend2080@googlemail.com:Bae49005161
Tekttra@gmail.com:Dominic9
dominicmcsloy@gmail.com:Dominicmcsloy15
sarahmones2012@gmail.com:zain2006
eshanmal2611alt@gmail.com:zain20067
klendsmilton@gmail.com:Prince3#
ablienandosabuz@gmail.com:6305250ab
nomercyfamily2k16@gmail.com:nomercyclan2016
xrhstosstergiou7@gmail.com:6980641273ss
teodor.kalcic.1982.7@gmail.com:timi7777
somilexa@gmail.com:schokolade0811
petherruth88@gmail.com:bleckeagle
PetherRuth88@gmail.com:MetalGear
givovabenjamin@gmail.com:givova12
vargabenjamin76@gmail.com:Benike12
yuniasih@gmail.com:miqdad
taniadewi434@gmail.com:Dewa1919
abdullahyunso@gmail.com:onspeedp2
abdullah.yunso3@gmail.com:onspeedp9
m.raihan0911@gmail.com:ibnu.Zul101
muhammad.raihan2409@student.unri.ac.id:raihanalhazra123
vivikurniaherviani19@gmail.com:viviherviani
witono.wahyu2016@gmail.com:sekelimus
adhiska.ya@gmail.com:yana2616
oktabintang52@gmail.com:lounsigembel56
nurushifa17@gmail.com:
puspa.nurfahira18187@student.unsika.ac.id:876321puspa
mb.mandiri@gmail.com:multibinamandiricv
nugroz620@gmail.com:lumia620.1
ebotstechnology@gmail.com:Ebots@1234
kalpesh.datkile07@gmail.com:9967505196
ramansharma0758@gmail.com:9992610204
neeoder123@gmail.com:12September@4
manoelaugustomn@gmail.com:manoelaugustomn2611!
kdoricardo10@gmail.com:harrypotter2018
maycondrs2008@gmail.com:MDRS2008m1
ftrue141@gmail.com:MDRS2008m1
rafaelcassiano322@gmail.com:Paradoai
lyes.moussi@gmail.com:iten29hard+LKM?
violeta-zh@hotmail.com:Ddnm1234
totoypogi868@gmail.com:totoy1983
stanimircvetanov3@gmail.com:MineShadow123
mineshadow934@gmail.com:MineShadow934@@
stanimir_tsvetanov@sudmatevski.com:sudmatevski123
kloni-dj@hotmail.com:@youtube
artificialbar@hotmail.com:@artofmixeddrinks2017
jesus.cristobal.rivera@liceostateresita.cl:jesus270506
yafaltene656@gmail.com:Patience65644
maicolstivengiraldoo@gmail.com:stiven2006
tigrokozerog@gmail.com:2571925355qQ
raulik12345@gmail.com:pustiul7
mohamadkhashab19@gmail.com:
redha7@gmail.com:%Redha1971
rhichem82@gmail.com:aziz2000
raihanabenzidi69@gmail.com:yahia2017
abdobija@gmail.com:saadiamahfoudh2023
bendjerad08@gmail.com:taha3.1.1993
ddiaz@YoungLivingAcademy.edu.ec:didiaz20
eslam.olma88@gmail.com:0191515187
moemenelhosary@gmail.com:el7osary_maN
salmasoska400@gmail.com:123456hos
ahmedwyso@gmail.com:abdo01102443633
abdomohamed456.com@gmail.com:asdf0102443633
kayalbornoz68@gmail.com:292717kye
khaledyousry161@gmail.com:19992012
zxkoko2016@gmail.com:01062141400
zxkoko2018@gmail.com:01200852910
zxkoko2017@gmail.com:01200852910
aujesta@gmail.com:edou@rdadib1980
ruggijuan5@gmail.com:A3TY964u9Ls4
elkarateca84@gmail.com:beruti1263
daniabuelom@gmail.com:daniti8899
garromartinamp@gmail.com:04m4r9941735265
amparo.multimedial@gmail.com:lamparita1234
timilou.cool@hotmail.fr:Pegase974
lucile.robert79@gmail.com:Pegase974
jul.masson92@gmail.com:Kagenarumono12
redhon.arlene@gmail.com:Kagenarumono12
shai.brito78@gmail.com:Lucious78
ulysseroche13@gmail.com:
ulysseroche13@gmail.com:/12032008Ulysse.
ulysseroche13@gmail.com:/12032008Ulysse.\
ulysseroche13@gmail.com:12032008ulysse
adgdidi@yahoo.fr:
dclmaustria@gmail.com:deeperlifewien
takasgeorgios@hotmail.com:bpbp123bp321
patrikjazbec25@gmail.com:
dinohrle@gmail.com:#!Dino12345
maulanagogo@gmail.com:janganmainmain340
bunker5758@gmail.com:syantana476050
panjiramadanu22@gmail.com:Yoyoloversz55
panjiramadanu55@gmail.com:Yoyoloversz33
mdmhidrolik@gmail.com:m4y4dut4
rian0121@gmail.com:rian1980
4myalif@gmail.com:alif2015
edyeles2015@gmail.com:23042010els
goeng.bhien@gmail.com:m@yorette*
bahiysan27@gmail.com:krian271000
iskandarfauzi690@gmail.com:14111988
554052.025.04.kd@gmail.com:554052.025.04
midunsanusi71071@gmail.com:nurfaizah
pranabalmond@gmail.com:madedodit87
sasakihaise788@gmail.com:khairul123
wahyu.saren@gmail.com:iiswahyunugroho
thabitamaylicia@gmail.com:maylicia1405
rexmikhael@gmail.com:mekel1704
maylicia.thabita5957@student.unri.ac.id:maylicia1405
acalexios@gmail.com:dd230602passwordwifi
candra.19131@mhs.unesa.ac.id:candraagung123
satbrimobpoldaaceh@gmail.com:12-April-1986
alvyan1414@gmail.com:alvyannz14mail
goklanitraders@gmail.com:shubham@goklani1
dsoknl@gmail.com:dsoknl123
mr.mukeshksharma@gmail.com:Mukesh@123
mukesh20xxsharma@gmail.com:Mukesh#7100
arabinda.arvind@gmail.com:Urvika@2021
adichauhan90@gmail.com:9716478007
palaniqs@gmail.com:?
lucassotelo8889@gmail.com:Lucas112233
yerisquiros636@gmail.com:yeris118@
ondra.macko1@gmail.com:0775806Ceckoo
Jonasvalentinweber@outlook.de:ingo1975!!
kabelokasper@gmail.com:hibykrml
ajodennis3@gmail.com:hibykrml
ayoubkalo9999@gmail.com:zozan9999
rasesrased955@gmail.com:Rased5916321111r
milambro93@gmail.com:Luca2910
llkgaming080@gmail.com:Luca2910
tahertitooo34@gmail.com:0143033526
mariyamiftha@gmail.com:miftha9988
59mahim@gmail.com:mahima9988
taiduc105@gmail.com:731lythuongkiet
huychef1998@gmail.com:Huyduc1998
hossainakhiar2@gmail.com:*2akhiar5*google2
hossainakhiar@gmail.com:*2akhiar5*google1
wasiduasi25@gmail.com:*2duasialvida5*google1
hossainakhiar3@gmail.com:*2akhiar5*google3
wasiphotoes1@gmail.com:*2duasi5*photoes1
wasiphotoes2@gmail.com:*2duasi5*photoes2^
wasiphotoes3@gmail.com:*2duasi5*photoes3
wasiphotoes4@gmail.com:*2duasi5*photoes4
stbwssc21m@gmail.com:tajulerbalmalpel
wasistudy@gmail.com:wasistudy123
crapule775@gmail.com:Pyxou-2008
naosdire@gmail.com:Toufix#cup667
nahanfonteneau@gmail.com:Toufix#cup55
josenathaniel5@gmail.com:Adventure
nathanieljose.moral.a@bulsu.edu.ph:Meldwin030630
anikethalder02@gmail.com:@Ks2rj5a2ya
nitroani@gmail.com:Ks2rj5a2ya
aniket.halder@tnu.in:@Ks2rj5a2ya
biotechnologybsc6@gmail.com:@Ks2rj5a2ya
aluthgechanumi@gmail.com:20040110
nedlaolrak1029@gmail.com:alexandrix29
admindept@navyuginfo.com:Newlife@navyuginfo
sadirmusictune.official@gmail.com:SadirMahadia@
wakawaka20012001@gmail.com:Waka20012001
responseamrit@gmail.com:bidyutmala
mabini3031@gmail.com:D.mani3031
juniournicko@mail.com:kedewa1041
peterwillie607@gmail.com:kedewa1041
peterwillie607@gmail.com:pn25041997
juniornicholas675@gmail.com:k3d3w@1041
anhhoangle21112000@gmail.com:anhanh21112000
francomarquezjose16@gmail.com:IOfzqEYfzhCYUMfPKi0q
khan.nafees85@gmail.com:9905190992
p4p4putr4@driveku.me:4l1mud1n
muusemuxudiin25@gmail.com:Hooyomacan123
sardarafnan27@gmail.com:bestofluck
aymanxroman15@gmail.com:hdlkcool8
aadel5650@gmail.com:QWEasdZXC000
aadel5650@gmail.com:q-sd$Ut-9*x7uuV
gentabp@gmail.com:girorofire14
htdat297@gmail.com:Bababobo972
phornbunthat5@gmail.com:Phornbunthat[12122001]
lkavora20@gmail.com:LULUKULU
nhdat.y41@student.ctump.edu.vn:6PFM$AAA
21310441390@student.ctump.edu.vn:03096PFM$AAA
datfl22v1x122@dttx.ctu.edu.vn:6PFM$AAA
huudat0511@gmail.com:03096PFM$AAA
tailieudat1@gmail.com:tailieudat0511
nhdat.y41@student.ctump.edu.vn:nguyenhuudat0511
elizabethmeehan42@gmail.com:DoB%04011942
kenkaniki350@gmail.com:abdulrahman68
ghimireishan1@gmail.com:ECWMF123!
ghimireishan1@gmail.com:
075bme020.ishan@pcampus.edu.np:zaaz8b3lp7
sedspulchowk2020@gmail.com:SEDS2020est
assomana1@gmail.com:06885570p
assomana1@gmail.com:59189516
gisplusinfos@gmail.com:06885570p
marceaucatherine4@gmail.com:catherine1
mira.pianist@gmail.com:MIRAdanyvora
mira.george.fakhry@gmail.com:MIRAdanyvora
ranjithkuruppuge75@gmail.com:ranjith75
divineguma.community.basedbank@gmail.com:0412257690
abdoulnasser824@gmail.com:88487385
nasserabdoul370@gmail.com:Nasser01@
deejayajiola@gmail.com:djajiola
ericmumo77@gmail.com:ericMumo7
tigistamakelew156@gmail.com:werkezewdu
khadija.imam@rea.gov.ng:65654856
karengayleoblea@gmail.com:Un1c0rnL@dy
joeyoke45@gmail.com:joey5639
omarelabd171@gmail.com:zainomarelabd0105289397
gcelnar@mchl.ph.education:halcke19
leo.picheli231@uel.br:Caneta25
mandiajennifer68@gmail.com:Television
tanhanangprincely@gmail.com:Television
berrymia62@gmail.com:1//09PMkm3IUWJU2CgYIARAAGAkSNwF-L9IrIlvpqzt2DZZOcyhlsHkI612WVP-9X6FnYp2uTXul_-iPlv-eBmnWPoyB5w6Jaxwl4zA
arabeat11@gmail.com:Arabeat11@11
contactstorepaseo@gmail.com:Paintbynumber
2210400152@spav.edu.in:GATE2210400152
tulipcscl2022@gmail.com:Smartcity@1
fadiashbeeb@gmail.com:f1234567890@
swizoodemwa@gmail.com:OSMANI2514
mateusanls@gmail.com:@Akira97
chikanwankwo01@gmail.com:Sophia9780
lainesullenmhz24@gmail.com:Precious12$$
cwellman568@gmail.com:Coolalex00680068
wellmancraig0@gmail.com:Coolmom00680068
massimocinque55@gmail.com:juventus200
lackmas2545@gmail.com:0954826478kim
amsakhalil.712@gmail.com:sWeethome90
nomansona90@gmail.com:1122aassdfgh
nomanasad90@gmail.com:1122aassd
greenvalleysalsadd@gmail.com:1122aassd
abdulraffay419@gmail.com:abdulra11ay
mdshanto2473913@gmail.com:01812473913
ezekielbassist@gmail.com:Vianney1234
ajaymadge90@gmail.com:Mahakali@90
m.mourlon58@gmail.com:?
desch1987@hotmail.de:Annalena2020!
evelyntamas543@gmail.com:Csillagkapu1
penzert5@gmail.com:Csillagkapu1
holehuynhnguyen@gmail.com:nguyenhuynhhole82
doanpn5555@gmail.com:Phamngocdoan5555@
sths2076@gmail.com:$uZz@n2076
dhansath25@gmail.com:shrestha25
sths2076@gmail.com:$uZ@n2076
szsuzan2076@gmail.com:$uZ@n2076
marekszawara@wp.pl:tygrys21
marekszawara1992@gmail.com:Historia1!
okfuturedigital@gmail.com:
alekxandra74@gmail.com:nakydalyuk1822
okfuturedigital@gmail.com:Magnolia@
alekxandra74@gmail.com:Snakydalyuk1974
talarikrishnateja461995@gmail.com:silpakrishna@24
laetitia62780@gmail.com:angedechu
fabioegn2021@gmail.com:Bim.nunes2023
fabioegn2021@gmail.com:Bim@nunes2023@
minkha.usa@gmail.com:
jhony@heysnappy.com:Jhonny3D
bomatgr@gmail.com:DpaWceAF3258
repro@bomat.com.mk:Elence12
fgolpe.95@gmail.com:2019Fran
araz.kurdish7@gmail.com:98765432arazramadan
sucetaf@gmail.com:12277221Sa
tecnologiaalumnadovives@gmail.com:CampoRRobles69
sangladaruben@gmail.com:ceciliete
bojhos19@gmail.com:fiamszeretlek
oumo45412@gmail.com:ouhba1971
fadinoureddin@gmail.com:Vikings.12
horvatgellert@gmail.com:MilaN0324
eurl.satge@gmail.com:jean20240
norbertjonas891@gmail.com:norbika0953
qtudices@gmail.com:veitneMASmayo_26
mromkee7@gmail.com:20051312Rm
ivanaromic8@gmail.com:milka123
beraberica23@gmail.com:biskijepeder123
uhro.1945@gmail.com:ustasesesmrtineboje1945
20mbaghdadi@institutjoanbrossa.cat:mohamohamoha11
20bcarrera@institutjoanbrossa.cat:bc6048bc
bercarr08@gmail.com:patocarrera08
onella539@gmail.com:1985june
mickybo2009@gmail.com:june1985
vickyskene4@gmail.com:JuneJuly1985
kpetranet@gmail.com:kpetranet4113
kpetranet@gmail.com:41134113
jamesdogli14@gmail.com:sundaydogli12345
derek10fm@gmail.com:derekFm2010
ElsayedSamy892@gmail.com:1122334455@@@@
eslam_adriano2002@yahoo.com:1122334455@@@
ma7moudqadry@gmail.com:ma7moudouu
tarekaz874@gmail.com:123654tarek
addda8729@gmail.com:0124430125
shimaaf445@gmail.com:menna742
eslammekany@gmail.com:0129611412
marasaam311@gmail.com:RoaaHana2319
blogabdo19@gmail.com:tito20142015
hooba.yousef@gmail.com:01121113648ehab
amgamea12@gmail.com:Ahmed2012?!
mgamea85@gmail.com:Ahmed2012#
Dr.rezque@gmail.com:Dr.rezqueabc
youseftalat77@gmail.com:Talat123456
youseftalat@gmail.com:Talat123456
daniela.hero.pr@gmail.com:13933485
hermorodriguez.daniela@arquitectoleozpuertoreal.com:arquitectoleoz2223
pedroelcrakpato@gmail.com:23may02007.
jvanneste77@gmail.com:juju220678
sucetaf@gmail.com:12277221Sa
souadben92@gmail.com:nawell92
ksndrsn01@gmail.com:Callum1998
johnscreen1953@gmail.com:Lydie1@7@
johnscreen1998@gmail.com:John26022@@4
Leoyana354@gmail.com:Amoaisabel12345
cluisangel006@gmail.com:luis28541903
rileymeehan2011@yahoo.com:rc3q_iExTWh6wE4
ksndrsn01@gmail.com:Callum1998
hazemhosny333@gmail.com:01069909994
jamesdogli14@gmail.com:sundaydogli12345
vertinoemamali@gmail.com:vertino2019
kulekeike6@gmail.com:i0209075010
eunicesowah12@gmail.com:0209075010
ikeameka@gmail.com:i0209075010
lydiaserwaaasumadu@gmail.com:licious442
adonijahosei398@gmail.com:asdfghjklasdfg12
kpetranet@gmail.com:kpetranet4113
kpetranet@gmail.com:41134113
chinatown99@gmail.com:6820laplaza
chinatown99@gmail.com:STILIANIS2020
isabelreyes4419@gmail.com:tequiero
rosoana@gmail.com:kjkszpj87
pierrelouisd78@gmail.com:DAPILO1234@
sasdizsolt82@gmail.com:BakiHanma16@
kf530477@gmail.com:xXSteam66Xx
norbertjonas891@gmail.com:norbika0953
seftarek123@gmail.com:nagat5711
simonkrisztian@gmail.com:szippancsok
kforizs1977@gmail.com:Apa1977!
moodboy1222@gmail.com:bazdmeg3214
kholilndc@gmail.com:NDCkholil2020
basmalahyehia@gmail.com:bosy@2004
dwisanyotosccn@gmail.com:Senenleg!1
hadyramadan2002@gmail.com:01015508834010024171053386896922
ttmp4677@gmail.com:hamedyaseen2003
shahad.159903M22@ntu.edu.iq:sshhaahhaadd
singhshab27099@gmail.com:vipinvaishnav
dietamsintlschs@gmail.com:dis1998$
cibellemanserv@gmail.com:cibellemanserv08
tenb21572@gmail.com:ahmedamramira
ahmedi2iduj@gmail.com:01016974629
ahmedamr657dhu7e@gmail.com:01016974629aa
afz.daiyan@gmail.com:shingekinokyojin
fouedcheratone@gmail.com:foueddz23
mthfoued@gmail.com:foueddd31
jamalhassancity@gmail.com:13131212
kulfijjjj@gmail.com:13131212
nguyengiakhanh394@gmail.com:khanh010203040506070809
eduardoloria58@gmail.com:otpshaco500
tp496798@gmail.com:@@@???!!!((())):::
fastcrazy8@gmail.com:Ibrahimhere2003
neharasasan123@gmail.com:SASAN7H#
neharakarunapala163@gmail.com:SASAN7H#
henryalmazan1305@gmail.com:luisvallegoicochea
penyot061211@gmail.com:bombom061211
shanegalapitamada@gmail.com:Sathuta123
somchai.kaha2506@gmail.com:Somchai2506
sittichai.peangtam@gmail.com:0924426931
noelwagyok1@gmail.com:noel20090114
lkyawzintun87@gmail.com:lkzt233755
diegorb60193@gmail.com:BAUTISTA2020
rbdiego4@gmail.com:BAUTISTA2020
mnmlsprueba@gmail.com:BAUTISTA2020
ibarraliam8@gmail.com:REYES2020
hummayunrashid@gmail.com:Fatimarana1
muhammadahmadrashid19@gmail.com:Ahmadrana1
stephaneelimbs@gmail.com:jadodo26
nikaybader@gmail.com:reddab210584
sweet21stef@gmail.com:042505
teamgamerdudes123@gmail.com:teamgamerdudes0909
tashiqulislam9d06@gmail.com:YAMINTHEBEST@123
tashiqulislam098765@gmail.com:YAMINTHEBEST@123
samiyaaktersumi5598@gmail.com:@#YaMiN@#123
mahadirifat2022@gmail.com:YAMINTHEBEST@123
blue444.2022@gmail.com:YAMINTHEBEST@123
mahtab.hanoufgroup@gmail.com:Alam@0651
zizoaly917@gmail.com:zizoaly2022
kuntik500@gmail.com:12061971
devilmitv@gmail.com:Narsimlu_143
manginapallynarsing@gmail.com:Bismillahhirahmanirraheem@786
njoyaafizoudine@gmail.com:Afizoudine2022
sultanmanzom@gmail.com:aneyeforaneye
nachoyanto38730982@gmail.com:lenny12357
sebastian.balagier@gmail.com:seba12345
nachoyanto38730982@gmail.com:ciruelomivida
sanaras990@gmail.com:Sanaras2020s
01fe18bcs069@kletech.ac.in:keeps@3564
sandorkorde@gmail.com:GfioK.2022
ashrafwaly2015@gmail.com:12Feb1980
jeremy.makombo28@gmail.com:Jerryandady1234
langmiaawah@gmail.com:PrimeTime1.
k100rmali@gmail.com:loveujayu
esc2481@gmail.com:carp7480
serajalmghood2006@gmail.com:0928960581
Daniel.AvilaYT@gmail.com:Avila031608
isopaz01@educarex.es:isopaz01
talatacar12345@gmail.com:190898TALAT.
daniellisandrojuarez7@gmail.com:yonasiel4dejulio
sskyyuji@gmail.com:psychoyuji806
hectormora1235@gmail.com:@Thomas2020
hefeakbulut@gmail.com:12345678900987654321Efe
mzdan66@g.npd117.net:523463
mikeline243@gmail.com:mykolas10
VioletpanYT@gmail.com:78Gas0603#10
ISteinmetz78@gmail.com:78Gas0603#10
lovenathan3003@gmail.com:natmar14
lukemartin1517@gmail.com:Luke$$1416
lukemartin1416@gmail.com:Luke$$1416
valorantbt947@gmail.com:beratcan1122
beratkaancan947@gmail.com:BeratKaancan1122
carreirarichard31@gmail.com:Savethegoat1!
kawailanistc@gmail.com:sskk@808
carreirarichard31@gmail.com:Savetheworld1!
kadenstiles123@gmail.com:10112009ks
runnelskendal@gmail.com:kokodelightz5
luhstatic82@gmail.com:Runnels2008
samkelemaduna@gmail.com:0722876894
nisafurkanyakut@gmail.com:6793849Fy
hussein1982alijon@gmail.com:07705611727Ha
ismmaneger@gmail.com:Mh2022@Ha
mmin.grsy@gmail.com:MmnGrsy2003
tcmfgames65@outlook.com:hamdiosuni
ensidak237@gmail.com:9#*Silvi.
ekermehmet317@gmail.com:mehmet.66
wishesmaposa07@gmail.com:WISHESmaposa88
patata324ok@gmail.com:Platanito1611pro
ademd4863@gmail.com:LoveLove123
jaredstott1433@gmail.com:Yobrostop143
johnposton021@gmail.com:johnposton16
45quon45@gmail.com:Quonsworld2
quesplay2much@gmail.com:Xlot1234
harrytochterman@gmail.com:Swagger15
27derfre@mpspride.org:4094340943
exoticdrift568@gmail.com:drout12fr
brennangelewski@gmail.com:SidAndCloverAreCute123
bpgelewski26@pthsd.net:Bdussy64
jakaszero123@gmail.com:FreePassDeiNa
iseeyoujob@gmail.com:Plsgivemeps5
kgomes05@icloud.com:1ka2l3445
rjhoward708@gmail.com:rjhBH#24
dylanolson186@gmail.com:FunguiGaming186!
dylanplson15@gmail.com:FunguiGaming186!
atsfoulk@gmail.com:Chunwoo2330$
hojara0102@lakeviewpublicschools.org:MznxgM94
wardpeter097@gmail.com:meme2020
bussinesxlife@gmail.com:Meme2020
wolf182king@gmail.com:ghost182
hiddenninja009@gmail.com:HiddenNinja.xoz
rtdclue@gmail.com:ItsClue123
k3rimka@yandex.com:Savitar591
aydenanthonybrown@gmail.com:Ampknpbaab3.
kamauryonpc@gmail.com:03072008kf
seref1001g@gmail.com:Ergene2009
francofgm2087@gmail.com:1973234523a@BbBbBb19732506a@BbBbBb19732345a@BbBbBb
sebas6565elpro@gmail.com:fabianxstep2
woodscaleb82@gmail.com:ca1005463$
ferhatyildiz-@hotmail.com:fero4242fero
jw221085@ebrschools.org:Gajopo09
Jkjuanwilliams07@gmail.com:Jkjuan2007
gfleming@sachem.edu:Sach.0025
griffin.fleming@gmail.com:monkey0516!
oa3211235656@gmail.com:O3211235656a
omeraydar10873407516@gmail.com:3211235656oa
dogukan.kocak121@gmail.com:Dogi6354954
jaydenn641@gmail.com:Jayden112907!
lilmaster212004@gmail.com:jesuz214709
fortniteboy212004@gmail.com:nova214709
billydjb@gmail.com:bikerboy2022
spencer16755@gmail.com:ez654321
bsirin2004@gmail.com:Anadolu1.
byboragamer@gmail.com:Anadolu0897
byboragamesv9@gmail.com:Anadolu0
gamesbora19@gmail.com:Anadolu0
julianomoreiraleite@gmail.com:jukml@bol9206021
mehmetsahin2016123@gmail.com:1331mehmeT
jordanski05@gmail.com:Jhowieee23
heavenmedia0@gmail.com:jahirul2500
Hunter.hallinan@stu.bullitt.kyschools.us:9830983
Hunter.hallinan@gmail.com:hunter
KMCCALLISTER@lCESC.ORG:Breezieann1
aksu01e01@gmail.com:ananlagorusek
timothyhabashy9000@gmail.com:timothyplayz8808
sercan6132@gmail.com:fbsercoF43
Julian.alejandro1014@gmail.com:Alejandro0823@!
graison1010@gmail.com:Jackandi1
cpale@mphm.com:445722cp
chrispalenske@gmail.com:Cookeis74
CHRISTANK1200@GMAIL.COM:Tank1200
thupsid3down@gmail.com:Storytime11
ruckishadow@gmail.com:William0323@23@!#
jacob.abdullah@psis192.org:student1
jacob.abdullah@psis192.org:Student192
nolan6646@gmail.com:Davarius12
quintararoy@gmail.com:Chriscraft66
gainesmonterl@gmail.com:2100blkkk
gainesmonterl1@gmail.com:845000qtz
tamajanaecoopercat@gmail.com:845000qtz
eiderdial9@gmail.com:1002542088
ahmedsherif8008@gmail.com:thehalfbloodprincee
tchunami241@gmail.com:ricardog244
ricardogomessff@gmail.com:ricardog244
imvuchib@gmail.com:anwjoking
poyrazcengizzzz@gmail.com:poyraz2411
swbacktosquareone@gmail.com:0922623599Leo
roxalcalen@gmail.com:rox1234567890
simwaanallen616@gmail.com:simwaanallen1
johntezwilson0012@gmail.com:Kashala1212
s161354@student.k12northstar.org:Batman0880
hiimbored227@gmail.com:CashMoney11!!
dekmekji0001@mymail.lausd.net:Marcoe2008
omerumut1453@gmail.com:OMERumut
ssquid146@gmail.com:kartal316446
yTubeRepostRTX@gmail.com:Glowmoney12
omerreyiz344@gmail.com:OMERREYIZ_34
omerreyiz344@gmail.com:kgjhgkhgkhjghkghkghj7
omerdiscord3443@gmail.com:omerreyiz34
rileymullenix@gmail.com:QVU:tjvDg4b-nkC
lordkartal7431@gmail.com:valorantlordbey7431
swbacktosquareone@gmail.com:0922623599Leo
roxalcalen@gmail.com:rox1234567890
franklinsellers13@gmail.com:bigboyboat11
institution2007@gmail.com:SMALLPENIS11
isaiahgodwin@students.bismarck.k12.il.us:20271312
omer.oztunali59@gmail.com:Kuzey2014
pauloarthurmelo35@gmail.com:99988787
ashizamank@gmail.com:prince_3400
dravendank@gmail.com:bratson1
joshiippenberger@icloud.com:emilia2011_
joshuaippenberger@icloud.com:joshua2007_
joshiippenberger07@gmail.com:joshi2007_
s_chwinlan.yan@ousd.org:00279569
wechang18@gmail.com:Yan2134792
jorge.camachoaldana.stu@clint.net:#44320_CJ
vltraun@gmail.com:1102vlej1
brycenb123456@gmail.com:barnard123
bryceniscool44@gmail.com:brycen123
pachecobryce757@gmail.com:BryceP1123
barryyt09@gmail.com:abdulbari500
teampubg87@gmail.com:abdulbari800
muslumbabababa92@gmail.com:wa4crt3lww4747
Julian.alejandro1014@gmail.com:Alejandro0823@!
oscarrodriguez5431@gmail.com:cmpunk5869
scopeghost21@gmail.com:deadspacex21
wasplysama@gmail.com:wasplysama123
neonvalornat@gmail.com:Neon3646
101019jsncshdcbjsd@gmail.com:Coleslaw@1
tiger492ka@gmail.com:Coleslaw@1
wellingchance3@gmail.com:5425home
afhakalomgir@gmail.com:lokman@1988
jaydensnyder209@gmail.com:hiitsme1
jacobsnyder@walthampublicschools.org:W15002562
23elijahcarrion3467@gmail.com:ITZEli12
zorn060609@gmail.com:#!Ca0986785701?%#
life060609@gmail.com:!Ab980606?%
3333g333@gmail.com:bigw4456
wduff@cherrycreekschools.org:bigw4456
willduff22@gmail.com:bigw4456
doktordanasafa@gmail.com:Asaf2007
chasedbarker100@gmail.com:17NellisBarker10
skyler.blessed0306@gmail.com:Skysdad750461030608
wxveboixoxo@gmail.com:01172008Ec
carawaye4725@mygcsnc.com:01172008Ec
ecaraway08@:01172008Ec
ajsh3a1@gmail.com:Poopybutt123
DreydonJames@hotmail.com:Sneaton451232
dreydonjames@outlook.com:Sneaton451232
eatsomerice69@gmail.com:Ihateniggers13!
Laurarepaci@gmail.com:Louieb33!
jordanmyers80000@gmail.com:ABCD11879
ardexter999@gmail.com:Switchboy99
patrickdwain40@gmail.com:dwaun1833
patrickdwain40@gmail.com:dwaunjp14
dwaun1833@gmail.com:Dwaun200917
lilbruno123456@gmail.com:Dwaun1727
bronx2010lopex@gmail.com:Ocatillo1!
brandon.scott@wegcr.org:WE333571
rigeneel@gmail.com:comedordecasadas
richycam34@gmail.com:richy3434
mares.isai@yahoo.com:mares1234
orellana.jorge13@gmail.com:Orellana132
fire0912504337@gmail.com:abc0912504337
devingolightly@gmail.com:Dev2011!gggg
tryfr1p@gmail.com:Tatem864
tatem864@ritenourschools.org:Tatem864
jimmy7atwell@gmail.com:spartan12
sonsuzalikemal@gmail.com:ASX123...ASX
alikemaltokcsgo@gmail.com:ASX123...ASX
devingolightly@gmail.com:Dev2011!gggg
zabigawhari70@gmail.com:najibenayatzabiahmad
kayo5740@gmail.com:shareinc5609
jack.ky.chang@gmail.com:Jt5037698
tellezjacob93@gmail.com:Jt5037698
efeikizlerli117@gmail.com:2009efe14
efeikizlerli455@gmail.com:2009efe13
aiden.nesloney@icloud.com:Stevenisthebest1
younsab2013@gmail.com:zRLf8u!-6!txSq8
vincejerickfernandez@gmail.com:20100825qQ
paragonfloorsllc@gmail.com:Loyly999
aloncraftorigen2.0@gmail.com:34472485
fackanonimos30@gmail.com:69993228364
villasdaniel786@gmail.com:792134694525
phameousjodi23@gmail.com:Cashjodi23
igor20180105@gmail.com:mrhrumek
no1searchagain@gmail.com:Bbug1230-
renanvtrg@gmail.com:$RenanVtr100489
swipyedits@gmail.com:322386swipy
doganerada@gmail.com:12052009@&@
200004918@patterson.k12.ca.us:jw03112008
koolkidzmaster1234@gmail.com:kool1234
pfadakar77@gmail.com:Messi10@
aryafadakar79@gmail.com:Arya69420
cagtayciliz@gmail.com:987aspq987
ytmason5@gmail.com:Mason1981@
jacobsrobert453@gmail.com:amonguslol
nuttabutt504@gmail.com:amonguslol
RichardGuaman10@gmail.com:rg880243
coryfav13@gmail.com:CoryFavre666
blazerbat041612@gmail.com:Giovanni2001
joelmanon74@gmail.com:Joel2001
joelmanon201@gmail.com:Royalty200!
spoidygang345@gmail.com:pabasara"1234
chathunkapothuwila@gmail.com:nooneknowsthat123
ddt@naqda.gov.lk:Ruwan123
ruwanpothuwila@gmail.com:Ruwan"123
niranjanasirisena1975@gmail.com:Ruwan"123
spoidyakasandaru@gmail.com:spoidy345
directorext@naqda.gov.lk:Ruwan123
marlonfight1234@gmail.com:54700712m
303041706@rsed.org:02062010
sheluvskarma@gmail.com:kaybands
koknelbulut@gmail.com:bulut5959.
dano.no.0309@gmail.com:Life812368
30allmoaidj@gmail.com:aa384024
30allmoaidj@washk12.org:aa384024
ewoking007@gmail.com:12345678hi
manoftherex@gmail.com:BossAll2020
abrahamnebraskacuz@gmail.com:BuckyZena2020
0noflamezirblx@gmail.com:atleast8charnowcomeonnow
ashley@deluxetransportlogistics.com:ashash07
make.money.jake420@gmail.com:Jakob0929
niktherad@gmail.com:Rykersroom2011
espiandrepc52@gmail.com:permiso111
espiandre4@gmail.com:espiandre
recepkanyildiran4@gmail.com:rec557655875fdyhg79
moncefchetouanem@gmail.com:moncefwvw09
deveciarda47@gmail.com:cC56e31F63d84
yidomalaq@gmail.com:mardin4747
tarashannablake@gmail.com:lucender46!
tarashannablake@gmail.cm:lucender46!
Crazyboou@gmail.com:Almonte2020
coinklin2014@gmail.com:Coinklin2010!
rusapecop@gmail.com:coorperative
afacanismail5@gmail.com:afacan1547
proabibaba105@gmail.com:ismail1547
kellanFN1@gmail.com:kellan2011
pfbaby46@gmail.com:aiedanbropowell
alvarojogos99@gmail.com:ALVARO123
ziv.huang@sequent.ch:2ooijuui
jayvianhester2008@gmail.com:Mettahester2008
23jayvianhester@prideacs.org:koalacarrot
33349@students.ausd.net:yxxt5fz2
itssynthbtw@gmail.com:Jmpm2007**
Lucasisus06@gmail.com:Lucas@1020
kdm147@bcps.org:Cvhtuzc6
1017030@lcps.org:Winter2021!
1017030@Roblox.com:adwrxBC4uB.x8Vm
karamsalam12aya@gmail.com:haraalek!'^+%&/()
lucid8370@gmail.com:71657165
s57473@student.wacoisd.org:Je@#7473
joshuaesco128@gmail.com:Cancer128!
s57473@student.wacoisd.org:Cancer128!
milessteinb@gmail.com:Miles1111$
msteinbrunner36@susdgapps.org:11112008
bentley20245@gmail.com:Bentley2023
msteinbrunner36@susdgapps.org:Bentley2023
milessteinbrunner13@gmail.com:Root1canal$
jpless2530@gmail.com:Buffalo10
leviengland731@gmail.com:Levi_2012
heartsmarch3@gmail.com:a9999999990
rendonut2@gmail.com:Haktan2103012
haktanozsoy6@gmail.com:Haktan2010
ednamarestorres980@gmail.com:123456
nicholaspietrosilva@gmail.com:OnePiece6
dondaypup123@gmail.com:livelove.1
jaysucksss22@gmail.com:Llopez24
jaydenlamarlopez22playsroblox@gmail.com:Llopez24
atsabanoz@gmail.com:abece123TR
kennybuihpv@gmail.com:luandjhp
gokuultra2002@gmail.com:colacao2
eltroll116@gmail.com:colacao1
elmatacreepers2002@gmail.com:colacao2
arthurnovaes960@gmail.com:eskaruska24
estudiante.maximilianovivallos.a@colegioalemandearica.cl:maximiliano22+
maximilianoagu09@gmail.com:DEADLOCKED
estudiante.salvadorcastillo.c@colegioalemandearica.cl:cantinfla1
hecturnicolas@gmail.com:giovanni1995
juanpablosotelo8@gmail.com:$pOLO1234
elputoamodnl@gmail.com:danielwicho2
leal69791@gmail.com:daniwichx13
leonorsh14@gmail.com:Bwc13514
wilfrang172@gmail.com:hackerdecuenta.com
belemasoluciones@gmail.com:@Belema2022
chris.david1112@gmail.com:100315bebe
cesbaz77@gmail.com:100315bebe
trumpra28@gmail.com:19613794
gravoprint14@gmail.com:Larbi@14
fernandezarielito21@gmail.com:antonia2005
diegoapaneluisav@gmail.com:diegopaneluisa2020gmail
arondanielpl2017@gmail.com:gmail2022adpl
verbohomestudio@gmail.com:vhs2021gmail
iglesiaprincipedepazmc@gmail.com:gmailipdp2019
cinema.director.ms@gmail.com:Mariam11$
haloma23@gmail.com:@$Haloma@$1219751212
aa0048892@gmail.com:adham2192009
egoistegoist44@gmail.com:01207222551
mostafaalsadany180@gmail.com:Mo180180
mohamed.ibrahim.2020@esps.alexu.edu.eg:29705030200431
Marcoidieiro03@gmail.com:Mamapapayo
pvicentediego@gmail.com:Caillou2104
aaronarteaga9@gmail.com:clashroyale15
paco.san@iejdlc.org:Paco.sal.2909
jumaparu@gmail.com:paru1810
akiparta89@suomi24.fi:poekkeen
akipart@gmail.com:poekkeen1
jjreyesg20@gmail.com:reyes2022$
osmarpoleo15@gmail.com:28011998
osmarsanchezsa@gmail.com:31808377ss
versilla.nandar@gmail.com:ihatemeandmylife
monsipro08@gmail.com:1234PRO0987
tktannga18@gmail.com:toimuongiauco
delage.frans8@gmail.com:8507065052082
leoglennie24@gmail.com:Leo240307
kiranmalek25@gmail.com:Kiranmalek100
tshepojomo1@gmail.com:sesera20
jmor060900@gmail.com:selekanah
miguel.lijeron87@gmail.com:JoseAmina2021
opticdevilz@gmail.com:Lakesjoki1243%12
bratki54@gmail.com:wiktor_12a
jason@jaymwilliams.com:1l0vedad
marianiandrea053@gmail.com:NeymarN10
nerwusek353@gmail.com:janiak12345
lpozanska@gmail.com:Janiak13245
info@dpgrondwerken.com:Dpgrondwerken26
emmypompen26@gmail.com:16emmy16
aronsegoviamtz@gmail.com:wK742mVJv
tigergamerzy@gmail.com:7972711773
dineshzyoutub@gmail.com:Dinesh7768@
alka.alka1566@gmail.com:kapotas1566
camleflair@gmail.com:87328732Ab@
dmosends@gmail.com:87328732Ab@
wlukasz978@gmail.com:@xdplaneta^%L1
abdelhadikaalouz@gmail.com:@abdelhadighazaoui
theandonyrecords@gmail.com:andony1988
launioniglesia@gmail.com:Launion1988&
johnny_make@yahoo.com:John1116715
enzofeys9@gmail.com:enzofeys03
luizfernandesaraujo17@gmail.com:luizinho2005
115333@student.cvisd.org:02262005
2210147@usap.edu:99153696
szarkadaniel@taszariskola.hu:szarkadani2011
suciani8725@gmail.com:suciani2020
hikmatuzzahroha@gmail.com:my_google
suswono26@gmail.com:DWILISTIANA160522
lautarobreve12@gmail.com:negritalamejor
bravolautaro535@gmail.com:negritalamejor
termodemate777@gmail.com:negritalamejor10
termodemate777@gmail.com:negritalamejor
adishgamer3@gmail.com:adishwargamer333
danigaspa08@gmail.com:Daniele@2008
noobbea123@gmail.com:Noobbea0406
lymengreang87@gmail.com:099649923
nipunadilshan870@gmail.com:KD@Si#pt@
nipunad442@gmail.com:ADK2012@sa
nipunadhilshan3@gmail.com:2004#ND/
nipunadhilshan35@gmail.com:19RA#@pv
dilumishara66@gmail.com:Di4#YT7$Ra
nilushadilrukshi206@gmail.com:ashdayaspaiundwovdaya
nimnasathsarani04sandali@gmail.com:babycare01sande
gamaree33@gmail.com:gamaree9927136
maria.solis252@jaliscoedu.mx:J67Fj1LJ
daliaandraca05@gmail.com:Blanca69#
dalia.castaneda@jaliscoedu.mx:Solis2567.
mariojigashi.512206232@ceuno.com.mx:Alberto.5468
sandoval.nunez.victor.ipn@gmail.com:septiembre0000
miguel.r.milan@gmail.com:miguel18122001
climasvych@gmail.com:cv2022.?
snoopyfoot.oficial@gmail.com:JustBeLikeMe
gemagerardo20@gmail.com:gemalab20
ozzymark82@gmail.com:platina2020
brian230182@gmail.com:23011982bj
a8110016238@gmail.com:paninito007
mysuperfetish7@gmail.com:SoWHalo09
hjgamer09@gmail.com:SoWHalo09
hectorjaimesgonza09@gmail.com:SoWHalo09
m-5240209@moe-dl.edu.my:jea5023smktp
giovannipantoja1@gmail.com:123@Jared@2023
giordanov66@gmail.com:Warrior.69
sc9748068@gmail.com:surajchaudhary@$
surajchaudhary9748068@gmail.com:surajchaudhary@$
surajkumarichaudhary84@gmail.com:surajkumarichaudhary84@$
faiza.rouibah@gmail.com:
beaufays.jelte2003@gmail.com:Jelte2003!
giannig033@gmail.com:ljslpfiblmelr033-33
giudicianni.giovanni@gmail.com:Ljslpfiblmelr033-33
jacobsshirley90@gmail.com:@wn769K2enywnH!
amoryaxy@gmail.com:@wn769K2enywnH!
loupg5mers2008@gmail.com:JeNaiJamaisAimerMaCopineCarJePreferaisUneAutreEtJeSuisUnGrosConnard
alexiska93469@gmail.com:15190940
spinka93469@gmail.com:15190940
alekstrj@gmail.com:15190940
israelcuelligaortega@gmail.com:ARCANGEL1977
anadiazgiron@gmail.com:losarboles
israelcuelligaortega@gmail.com:ARCANGEL01
mali22ssmcrfbdoi@gmail.com:S@nchosaiz123
jorgequijada95@gmail.com:9yesterday218
jorgequijada95@gmail.com:asderere
valeria.carmona@escueladeartesoria.es:l4n1p3lud019
ericso.vidal@free.fr:gladiateur
ericso.vidal@gmail.com:Cotonou63
theo.legrand0403@gmail.com:Kony59220?
aenaud.du31@gmail.com:arnauddu3103081995
badrsemlali61@gmail.com:Aroudest88
ineshemdane92700@gmail.com:ines123456789
xdream800@gmail.com:Prudence1@
alain.ple.pro@gmail.com:Prudence1
alain.ple@comdatagroup.com:Prudence1
justinwilliamfletcher@gmail.com:RedAmberGreen@321
justin_fletcher@hotmail.co.uk:F0rtnit3
kbadri121@gmail.com:swamy7hills
praveen@legendsolicitors.org:
yinlokedu.ks@gmail.com:yinlok1205
olfou1@gmail.com:Kikitator1
olfou1@gmail.com:Olivario2211
placidegames@gmail.com:Kikitator1
olfou@gmail.com:Kikitator1
olivariogames@gmail.com:Kikitator1
kikitator@gmail.com:Kikitator1
gombi12@windowslive.com:peti1993
gombi12@windowslive.com:peti199308
gombi12@windowslive.com:Peti19930830
tealegyomberrel@gmail.com:Zajbanzajlok0
tothjanka2000@gmail.com:zajbanzajlok
gameboyhun@gmail.com:mesterlovesz
penlg2016@gmail.com:PenGepesz
mariaritalorusso67@gmail.com:Gugububu67@
daniele.rocco.1996@gmail.com:Occor.96
riccardo.mattis@vallauri.edu:05011997
riccardo97mattis@gmail.com:05011997
federico.taddia@aldini.istruzioneer.it:tacchino06
beckers.joran@gmail.com:Overpelt3900
Joran.beckers@gmail.com:Overpelt3900
mikarun.x@gmail.com:f7nsbo1s
fasulloiptv@gmail.com:torus@1962
alex.gryka@icponso.cloud:riegryka
leonardo.gryka@cfpmanfredini.org:Leonardo35197333493483391717
slaaks119@gmail.com:tkaqkfkck1!
byungchulnam@gmail.com:@n1234567
shaimaahmedkw@gmail.com:700790man
salwaogil81@gmail.com:155###sa
noora28y@outlook.com:education*-
fardousmoh2023@gmail.com:education*-
zuiddam1986@gmail.com:
zuiddam1986@gmail.com:
cesaltina.rodrigues@esfa.pt:turra123
tinapr8@gmail.com:trch4321
blasco.ruiz@gmail.com:Blasco2980#
bruiza@saam.cl:Saam.20202
victoria.ruiz@santamarialaligua.cl:Vic210714
ajajey123@gmail.com:ajajey123456
bigboss_ema@hotmail.com:dark0enad
dark0enad@gmail.com:bigboss
veeevooo1@gmail.com:eNAD123456
megi2559@gmail.com:0910988019
martiniakova.miroslava@gmail.com:Miroslava060983
manazment2010a@gmail.com:manazment
info@photocam.sk:871087Photocam
video@photocam.sk:871087Photocam
wukuang555@gmail.com:Livesound8855
nimenjp8787@gmail.com:u9L5VM2GEiTZ
nimentw@gmail.com:3iSrY5bQ2ZqX
ezhangy759@student.glendale.edu:9a5t9q7hi
rick0701@gmail.com:57xVJp9987Sv
Kayrosfotografia@gmail.com:DIOS100%
aditapalacioschavarry@gmail.com:Fabius22omg
fabianmiranda621@gmail.com:lucianateamoxd332
eduardoandrerodriguez2008@gmail.com:PBgod2008
walterdtv.2003@gmail.com:967971205
spoconykasztan96@gmail.com:kubakowiec2115
adiiminecraft@gmail.com:601168480
jorgeartzero@gmail.com:1q2w3e!Q@W#E
rodrigodacosta247@gmail.com:Robespierre99
berlojunior01@gmail.com:EspadarteCozido99
clainrobin20@gmail.com:mopela.974.13
jesusbellott@gmail.com:car707@lu
shipmaster.maher@gmail.com:M@h3r!ALiMas88@$
vlassitto@gmail.com:gmail260779
LMaximo905@gmail.com:Welcome9431
momlift78cg@gmail.com:bobby78cg
tristangoss727@gmail.com:900Ogos$
hatdejecged@gmail.com:Jetsons20
jacep9515@gmail.com:11198125
joshw1459@gmail.com:Minecraft456
9762396@philasd.org:Minecraft456
ugay70432@gmail.com:Idkone12345
quanganimation@gmail.com:Hongngoc1
baonguyenthcs1492@gmail.com:03072021
satyan.morningstar@gmail.com:isabelly0405
czarneorzechy@gmail.com:kaiko123!
fiyz0ne1707@gmail.com:LokiRyan55
bogdan4ikpain@gmail.com:wer201708
qweqweqweeewwwq@gmail.com:wer201708
sqdmakcuksd@gmail.com:wer201708
changkoong541@gmail.com:panitan6439
pedroivomusic23@gmail.com:guias2020*
arthurdaredare@gmail.com:101103tata
allan.leao.2017@gmail.com:548908al
gui.oli.lion@gmail.com:110220gui
allan.leao.2021@gmail.com:470505Al@
roberthdjmix@gmail.com:230580ws
morteiroalado@gmail.com:Med1n@*asd
matheusmedina347@gmail.com:Casadas123456789
30mbola3@gmail.com:PABLO2112017
changkoong541@gmail.com:panitan6439
olavosergioramos@gmail.com:PIUZINHORP
paulodreis2006@gmail.com:paulo01062006
henriquedelacoleta@gmail.com:97413837a
pietrotoxico.00@gmail.com:pi260837
ericrodrisss@gmail.com:2507Ericrodrigues@
ericdrawing25@gmail.com:987654Eric@GGWP
nerwusek353@gmail.com:janiak12345
everaldocarla40@gmail.com:eve321666
klvulgo@gmail.com:KLEBERSON34OF
klvulgo28@gmail.com:KLEBERSON34OF
carlostmj2019@gmail.com:Carlos970350223cA*
cmcomidascaseiras@gmail.com:74114041c
carlostmjgames@gmail.com:Carlos970350223cA*
ericknen32@gmail.com:24122001erick
osmetralhao@gmail.com:24122001erick
pauloerickvideos@gmail.com:PauloErick@2022
hardyplays2021@gmail.com:UmbrellaCorporation57
oihardyclipes@gmail.com:UmbrellaCorporation57
es3246317@gmail.com:24122001erick
dbclaudiobasilio@gmail.com:claudioo
luiz2015minecraft@gmail.com:0203001luiz
veteranosoares@gmail.com:flor79343831
camleflair@gmail.com:87328732Ab@
dmosends@gmail.com:87328732Ab@
jorgeelquimico2021@gmail.com:PEPITO2022
amandaferreti10@gmail.com:julhinha2$
joaomazetto20@gmail.com:joaobidu159
joaomazeto19@gmail.com:joaobidu159
cj.arqkons@gmail.com:Cyn_12357
foxinh007@gmail.com:foxiwolf0077
ambjacomunidade.ce@gmail.com:acce2022
joaopedrobastos018@gmail.com:maeminhavida
Nicolazin.d.cria@gmail.com:Nikito..
tvriomadeira@gmail.com:rodrigo17181920
tearssoft5@gmail.com:chediak2022
geovanealvesdeoliveira65@gmail.com:1979eliane
idarywallysson7@gmail.com:99122108
koliselvai@gmail.com:tirana123
jvbaltazar37@gmail.com:infinity002409223403964
chico_tuyo_diablo666@hotmail.com:206recordelnuevoimperop
contreras.bastian.a@gmail.com:18833766-kka
sangel@pinmobiliario.co:1039448505sara232020
lazartee2007@gmail.com:poroto2014
micaiaslazarte452@gmail.com:Fifa21teamo
zlazarte815@gmail.com:poroto2020
gasmik.1515@gmail.com:poroto2014
zakenleon2007@gmail.com:poroto2014
tomylema10@gmail.com:airelibre
tomylema10@gmail.com:emanuellema10
marcel.zidek0819@gmail.com:marcel08*
zapal.knot@gmail.com:marcel08*
justushartmann2007@gmail.com:Pitiplatsch#10
ian.schneider2511@gmail.com:Revier03
paulberger060@gmail.com:Paul2007B
jannikdennl@gmail.com:julian16102003
justinsurielw@gmail.com:Fortnite0303
vcapital04@gmail.com:Fortnite0303
dimeloyotin@gmail.com:Fortnite0303
reyeslopez02@gmail.com:anddy123456
hslmdtcunivb2@gmail.com:z26zaka26
joekangas5@gmail.com:0401403431Joe.
jhonpalom15@gmail.com:tipanguano2007
saizvilloraraul@iessgrisoliacuenca.com:10546703
09aaronjimenez@iesantjordi.org:Palitodepescado
singhshab27099@gmail.com:vipinvaishnav
cibellemanserv@gmail.com:cibellemanserv08
afz.daiyan@gmail.com:shingekinokyojin
aafanansari702@gmail.com:saqi@786
gharota1911@gmail.com:sahil@1206
nguyenlongho729@gmail.com:01232344047ho
adriano_alves@seducam.g12.br:adriano#27
eduardoloria58@gmail.com:otpshaco500
gerlypool2@gmail.com:gerzon555
ijarias-es@udabol.edu.bo:ISAIAS72995077
isaiasarias30@gmail.com:ISAIAS72995077
suryanarain1@gmail.com:Paddu775
penyot061211@gmail.com:bombom061211
somchai.kaha2506@gmail.com:Somchai2506
sittichai.peangtam@gmail.com:0924426931
bartoloskop@gmail.com:Barteczek14
haselkhan111@gmail.com:ZXCVBBVCXZ
bigzadhaselkhan@gmail.com:bijan1234567
songofficial27@gmail.com:bijan1234567
lkyawzintun87@gmail.com:lkzt233755
cash.engineering@gmail.com:0819330015
susheelkumarsindh@gmail.com:tin3456706
nikaybader@gmail.com:reddab210584
waleedalqahtani554@gmail.com:whQ2098@#
alqahtaniwaleed38@gmail.com:whQ2098@#
waleedalqahtani554@gmail.com:whQ2098##
Perenicholas55@gmail.com:iloveyouGod1234
johnjoseph8787898@gmail.com:08165300111
thekingandi.16@gmail.com:proverb1533
victoryonthemove@gmail.com:genesis24
scaladasebastiao@gmail.com:C0quinh0d0g
sebastiao.scalada@gmail.com:C0quinh0d0g
mahtab.hanoufgroup@gmail.com:Alam@0651
jaydenpatel222@gmail.com:Jessiben222
benjohnvillabesa@gmail.com:KupzSensei24
kuntik500@gmail.com:12061971
devilmitv@gmail.com:Narsimlu_143
manginapallynarsing@gmail.com:Bismillahhirahmanirraheem@786
ronaldaddai5@gmail.com:Kwaku456
10276239@upsamail.edu.gh:Kwaku456
khanshovon087@gmail.com:khan@1234567
njoyaafizoudine@gmail.com:Afizoudine2022
01fe18bcs069@kletech.ac.in:keeps@3564
sandorkorde@gmail.com:GfioK.2022
almagek864@gmail.com:msazmy123456ahmed
ashrafwaly2015@gmail.com:12Feb1980
jeremy.makombo28@gmail.com:Jerryandady1234
langmiaawah@gmail.com:PrimeTime1.
salama.haikal@gmail.com:lolysarl=_E
rac.architects.eg@gmail.com:salama=_E
racarchitects.eg@gmail.com:archsalama=_E
esc2481@gmail.com:carp7480
serajalmghood2006@gmail.com:0928960581
hema09339@gmail.com:hemafox59
kerabinstephen01@gmail.com:Steph12345&
Nopsukka10@gmail.com:Aleksanteri1
nooa.avikainen@eduvuoksi.fi:Aleksanteri1
bratki54@gmail.com:wiktor_12a
nachojaja2005@gmail.com:javijosenacho0
jason@jaymwilliams.com:1l0vedad
ahmedelabboudi91@gmail.com:AHMED1985
lyahmsp472@gmail.com:AHMED1985
nerwusek353@gmail.com:janiak12345
lpozanska@gmail.com:Janiak13245
ohmyhartfortnite@gmail.com:Nhcdc123
purinsuki45@gmail.com:Takasei0321
info@dpgrondwerken.com:Dpgrondwerken26
emmypompen26@gmail.com:16emmy16
aronsegoviamtz@gmail.com:wK742mVJv
nour80876@gmail.com:nour01062704777
scotty_garland@hotmail.com:Scott01mite
azmi25760089@gmail.com:Ashahriezm@123
afiqruzaimi@gmail.com:ashahriezm@123
3180250075@ikj.ac.id:Muhammad230900
camleflair@gmail.com:87328732Ab@
dmosends@gmail.com:87328732Ab@
lucasubieto21@iesdomingomiral.com:Lucas2009kiwi
theandonyrecords@gmail.com:andony1988
launioniglesia@gmail.com:Launion1988&
johnny_make@yahoo.com:John1116715
captaintoasty5@gmail.com:escalade83
wilsonsemedo2007@gmail.com:H@cker99
khamlichi.abdelhakim88@gmail.com:ZKiu3S2JiBC!_rd
enzofeys9@gmail.com:enzofeys03
thouelucas@gmail.com:Lucas&Alana&Aron
lolhdson@gmail.com:Colindogdavenot1
dhudson182004@gmail.com:Colindog1
steveiwegbu84@gmail.com:eatingjollof123
stepheniwegbu26@gmail.com:eatingjelof
joelelliott909@gmail.com:joel354909
luizfernandesaraujo17@gmail.com:luizinho2005
115333@student.cvisd.org:02262005
2210147@usap.edu:99153696
ffmissile4@gmail.com:bluemoon@2022
bijaliz7889@gmail.com:bluemoon@2022
niljana4556@gmail.com:7890166240
sunitasen7889@gmail.com:karnataka
matteo.becuzzi05@gmail.com:Maialaccia11!
matteo.becuzzi.s@iiscarduccivolterra.org:Magostrabico05
dalepietro2@gmail.com:htetmyat31
pietrodale31@gmail.com:htetmyat31
htetm2714@gmail.com:gridvfi?574
mariojigashi.512206232@ceuno.com.mx:Alberto.5468
joan.castillo@saei.mx:leveldesigner-28
fenriirk24@gmail.com:hellblade-19
joanspekter24@gmail.com:leveldesigner-28
joan.castillo@saei.mx:slayerk-24
fenriirk24@gmail.com:hellblade-28
fenriirk28@gmail.com:vikings-28
climasvych@gmail.com:cv2022.?
gemagerardo20@gmail.com:gemalab20
ozzymark82@gmail.com:platina2020
brian230182@gmail.com:23011982bj
a8110016238@gmail.com:paninito007
m-5240209@moe-dl.edu.my:jea5023smktp
giovannipantoja1@gmail.com:123@Jared@2023
faiza.rouibah@gmail.com:
hasibbinujjal@gmail.com:hasib2020
ujjalpalace@gmail.com:changepassword2020
beaufays.jelte2003@gmail.com:Jelte2003!
loupg5mers2008@gmail.com:JeNaiJamaisAimerMaCopineCarJePreferaisUneAutreEtJeSuisUnGrosConnard
alexiska93469@gmail.com:15190940
spinka93469@gmail.com:15190940
alekstrj@gmail.com:15190940
mali22ssmcrfbdoi@gmail.com:S@nchosaiz123
jorgequijada95@gmail.com:9yesterday218
jorgequijada95@gmail.com:asderere
ericso.vidal@free.fr:gladiateur
ericso.vidal@gmail.com:Cotonou63
lachapelleheulin.fcpe@gmail.com:fritillairesapech
abdelmulet@gmail.com:evannaaronnoah
apech44330@gmail.com:fritillaires
bodepierre8@gmail.com:Noah07082006
theo.legrand0403@gmail.com:Kony59220?
aenaud.du31@gmail.com:arnauddu3103081995
badrsemlali61@gmail.com:Aroudest88
ineshemdane92700@gmail.com:ines123456789
justinwilliamfletcher@gmail.com:RedAmberGreen@321
justin_fletcher@hotmail.co.uk:F0rtnit3
yinlokedu.ks@gmail.com:yinlok1205
jyothsna.m@gmail.com:edinburgh2509
sanjeev.sjiyer@gmail.com:Scotland_123@sanj
jyothsna.m@gmail.com:EdinburghJo@1121!
tealegyomberrel@gmail.com:Zajbanzajlok0
tothjanka2000@gmail.com:zajbanzajlok
gameboyhun@gmail.com:mesterlovesz
penlg2016@gmail.com:PenGepesz
morvai171@gmail.com:1MoRpH3uS3
morvai16@gmail.com:1MoRpH3uS3
morvai.zoltan16@gmail.com:1MoRpH3uS3
morvai.janosne59@gmail.com:Samu2006
minarik.roxana@gmail.com:96pamacs.Roxi0207
mariaritalorusso67@gmail.com:Gugububu67@
tommasomercaldo@gmail.com:lumestsmi1212
tommaso@snowitapp.com:Mercaldo2018!
michele.folena@gmail.com:
daniele.rocco.1996@gmail.com:Occor.96
oslroncadelle@gmail.com:navate1957
riccardo.mattis@vallauri.edu:05011997
riccardo97mattis@gmail.com:05011997
nickforrest437@gmail.com:DiusMartinez18
federico.taddia@aldini.istruzioneer.it:tacchino06
beckers.joran@gmail.com:Overpelt3900
Joran.beckers@gmail.com:Overpelt3900
fasulloiptv@gmail.com:torus@1962
mikarun.x@gmail.com:f7nsbo1s
alex.gryka@icponso.cloud:riegryka
leonardo.gryka@cfpmanfredini.org:Leonardo35197333493483391717
slaaks119@gmail.com:tkaqkfkck1!
jesusbellott@gmail.com:car707@lu
joaoalvesmx@gmail.com:johnnyvokalpressao
arthur.almeida@aluno.nepes.com.br:nep25092008
arthur.casagrandealmeida@gmail.com:Calmeida@2017
fiyz0ne1707@gmail.com:LokiRyan55
ziomixx500@interia.pl:Napsteros24
lbmleabel@gmail.com:Napsteros2424
nerwusek353@gmail.com:janiak12345
changkoong541@gmail.com:panitan6439
arthurdaredare@gmail.com:101103tata
allan.leao.2017@gmail.com:548908al
gui.oli.lion@gmail.com:110220gui
allan.leao.2021@gmail.com:470505Al@
roberthdjmix@gmail.com:230580ws
slukinha613@gmail.com:73883934Alan
arvago@gmail.com:besourinho*2021
annarvago@gmail.com:besourinho*2021
bruno2002@gmail.com:299295370
bruno2002dj@gmail.com:299295370
sgtcarvalho000@gmail.com:299295370
30mbola3@gmail.com:PABLO2112017
ds17036@gmail.com:7346789DAghju
changkoong541@gmail.com:panitan6439
olavosergioramos@gmail.com:PIUZINHORP
paulodreis2006@gmail.com:paulo01062006
henriquedelacoleta@gmail.com:97413837a
pietrotoxico.00@gmail.com:pi260837
ysafeebr@gmail.com:#Mkayck134
mkayckrs01@gmail.com:mkayck134
brunogamesonline5@gmail.com:Senhapro01
brunodomcontarico@gmail.com:Andrade159
brunoandradetattooador@gmail.com:Andrade159
doubleaudiovisual@gmail.com:Andrade159
nerwusek353@gmail.com:janiak12345
luizmiguel00786@gmail.com:jp22059090
everaldocarla40@gmail.com:eve321666
duplacraftsouza@gmail.com:ip12345678910
klvulgo@gmail.com:KLEBERSON34OF
klvulgo28@gmail.com:KLEBERSON34OF
marlon.moncada.22.30@gmail.com:marlonmoncada30
dbclaudiobasilio@gmail.com:claudioo
veteranosoares@gmail.com:flor79343831
kaiquexavier37@gmail.com:Kaique155
kaiquexavier37@gmail.com:Kaique244
camleflair@gmail.com:87328732Ab@
dmosends@gmail.com:87328732Ab@
amandaferreti10@gmail.com:julhinha2$
gleicecarla.v@gmail.com:170857gl
cj.arqkons@gmail.com:Cyn_12357
436651@allentownsd.org:Zahier0405
Zahiermoarles705@gmail.com:Zahier0405
Zahierlong40@gmail.com:Zahier0405
poxxyphysco@gmail.com:Zahier9999
foxinh007@gmail.com:foxiwolf0077
joaovicctor@eaportal.org:136Lo&$+
joaomk12000@gmail.com:136Lo&$+
eleveramy.hammoutene@elouismassignon.com:Masssil2007
eleveramy.hammoutene@llm.education:Ramy00213
saharkhodear@gmail.com:SaharM7mod.2718
joaopedrobastos018@gmail.com:maeminhavida
Nicolazin.d.cria@gmail.com:Nikito..
karlingigor1@gmail.com:Igo.2139
praiseofertas@gmail.com:PraiseOfertas.22
guerracontatos1@gmail.com:FfF28942894
idarywallysson7@gmail.com:99122108
koliselvai@gmail.com:tirana123
alexoliveira1802@gmail.com:Geladeira@1802
chico_tuyo_diablo666@hotmail.com:206recordelnuevoimperop
tomylema10@gmail.com:airelibre
tomylema10@gmail.com:emanuellema10
machine2004@gmx.de:M120176h
paulberger060@gmail.com:Paul2007B
hamzasamukkitkat@gmail.com:Gigibra61.
hamzasamukkitkat2@gmail.com:Gigibra61
huseyinsamuk1461@gmail.com:Gigibra61
hslmdtcunivb2@gmail.com:z26zaka26
joekangas5@gmail.com:0401403431Joe.
jhonpalom15@gmail.com:tipanguano2007
mijalkovic22@gmail.com:filip2013
runartecuador@gmail.com:saynomore13
holamenp@gmail.com:matsg17gg
florjanbeqiri9@gmail.com:RealFlori2022
techytrust7@gmail.com:ZAYN@7777
ilydkumar333@gmail.com:33372527
ilydkumar@gmail.com:33372527
kumarasif711@gmail.com:33372527
luan3516r@gmail.com:luan35169285
alizh269@gmail.com:AlvaroApaza101021
guzferg606@gmail.com:1sdh87s8edf7
guzferg606@gmail.com:Nanito79548420
jcalderon4562@uepgs.edu.ec:joel200827
joelcal2008@gmail.com:joel272008
nvntsngh986@gmail.com:
quenocolocoaca311@gmail.com:Holaquehace123
connexionworldwide1@gmail.com:#DCWKING2022@
pacokorn9@gmail.com:javikgb69
rubio.deivid@arp.edu.co:159487263
cepedaalejo333@gmail.com:159487263
rnoi-es@udabol.edu.bo:ronaldot1
widoubhtyn@gmail.com:Arkaaqila
beherajanmejay123@gmail.com:janmejaybehera@123
taukirahmed539408@gmail.com:#taukirshanta539408
zync.gensaya@gmail.com:Z@chary0908
melaniegensaya@gmail.com:H1pp0Crat3s
tornadov045@gmail.com:Miautra7
alwin.ar55@gmail.com:OI618F
az3121888@gmail.com:selenozturk1
holgermalaga2022@gmail.com:Enero2002
MBCkuv@gmail.com:shCy4cz!.sAJ!7t
MBCkuvv@gmail.com:9D283Fd-HfU3v:y
fake.kendyy@gmail.com:3017JLR$
avalyndielo@gmail.com:joxzoc-juxgaq-xeSme6
skroy1995@gmail.com:fuckyouhackers
deepiksha.gill@prilient.com:deepiksha@7
urbexowicz123@gmail.com:Filop12345
filipparkita33@gmail.com:Filop12345
alouchato@gmail.com:Fofanatouda@65lop
peepee69poopoo121212@gmail.com:Johnny146
parlecustomer@gmail.com:Prince0786#
jesussanpedro2001@gmail.com:@sanpedro20
jesus.sanpedro.arcos@estudiantes.cordillera.edu.ec:dkz0ds1hqhd4p6
nataliapasternok171@gmail.com:nati2610&
silveira.jp1989@gmail.com:280913@jp
222212632@stis.ac.id:20029062Hsf
kacpersylwia0786@gmail.com:hujowe123@0
dyk241@gmail.com:dyk241@gmail.com
gungfir07.ars@gmail.com:ars2307agfir
lakshman99dev@gmail.com:L1kshm@n1998
arlentoth1@gmail.com:blood0102
kurikulumdua@smkn1jombang.sch.id:bismillah
smkn1jombang.xi@smkn1jombang.sch.id:smkn12021
abdurraffay519@gmail.com:sonicfast519
bboy123245g@gmail.com:8743087660
terceromenesesc@gmail.com:Tercero2007
cty7367@gmail.com:Tercero2021.
izzan4@kelasku.pw:izzankhalid
marerni78@gmail.com:Vikiteamo<3
enzospeziamesgaliski@gmail.com:ts456k908tata
enzospeziamesgaliski@gmail.com:enzomiah1608
enzospeziamesgaliski@gmail.com:bmca_crbk8g4ro2
enzospezia512@gmail.com:ts45k908tata
taisspezia@gmail.com:ts45k908
asermusic5@gmail.com:0124843798
maityarpan200@gmail.com:arpan9564
edgarbur2013@gmail.com:edgarbur6408*
milenapatricianieto28@gmail.com:1061719463
lyegreganyobozs@gmail.com:Seggarc1212
facungranja@gmail.com:facundoescobar
tenienteprincipal1@gmail.com:36034812
facungranja@gmail.com:Dem0n_4547
mariacaballero1202@gmail.com:Luciana1708
ahmed_aali@aman-fs.com:Am@n2020
helpcorporationsrl@gmail.com:257530023
biel.alfini@gmail.com:kiara123biel321
samymaya2021@gmail.com:621iq@lant2b
samymaya2021@gmail.com:123456789ms
pablorueda1203@gmail.com:arianaNADA22
adamazza081@gmail.com:Adamazza12345
kesavaram.jm@gmail.com:
kesavaram.jm@gmail.com:ramraja@123
ignacio.gonzalez.contreras@lsj.cl:Njuikmkk99.
hurtadocamila572@gmail.com:11032017julieta
yorbelisfaria9@gmail.com:yorbeliscastillofaria12
fariacastillo41@gmail.com:jorgefariacastillo12345678910
amithbhandarkaragasthya@gmail.com:?
stormkagei@gmail.com:Yowaimo
alanmosquera555@gmail.com:alanhugo12
2005davidmosquera@gmail.com:davicho.2005
peladohugo4@gmail.com:davicho.2005
hoquenurul251@gmail.com:01935232280a
angelloperez31@gmail.com:26791joseY
musauiryadh@gmail.com:roblox250166
candrango2005@gmail.com:cevollita2005
reina.gonzalovalentin@cmasl.com.ar:45802956dni
rosacema54@gmail.com:1324562l
henryismaelro@gmail.com:3211hhpm-4
yorbelisfaria9@gmail.com:yorbeliscastillofaria12
fariacastillo41@gmail.com:jorgefariacastillo12345678910
mijalkovic22@gmail.com:filip2013
anumodhmohan@gmail.com:9947607346
Korat@inkman.co.th:Koratink2021
sampada@gmail.com:sampada1
yashrao25@gmail.com:sampada1
pimpahakul@gmail.com:Aphisit.526
www20896@gmail.com:Opomg1233
www2096@gmail.com:ipeee0872157648
gfgu855@gmail.com:love.Nino
ipee123456ipee@gmail.com:ipee12345
ipee123456ipee@gmail.com:0872157648ipee
eleonore2205fx@hotmail.com:Aphisit17
www20896@gmail.com:r.t_gZJGd:52yDL
abdurraffay519@gmail.com:sonicfast519
mijalkovic22@gmail.com:filip2013
arturoramirezfigueredo@gmail.com:20.DEnoviembre
paktechnicalgamergmer@gmail.com:111138309910
Korat@inkman.co.th:Koratink2021
cjcabralr@gmail.com:javier973il
cardozo111276@gmail.com:iker1710
bojhos19@gmail.com:fiamszeretlek
oumo45412@gmail.com:ouhba1971
fadinoureddin@gmail.com:Vikings.12
ganelleung13@gmail.com:sashaleung13
jleung671@gmail.com:joshualeung13
cookiebunker508@gmail.com:Lecacac'esttropbon
delademevans@gmail.com:0570303972
20mbaghdadi@institutjoanbrossa.cat:mohamohamoha11
20bcarrera@institutjoanbrossa.cat:bc6048bc
bercarr08@gmail.com:patocarrera08
douglasmorelle58@gmail.com:Douglas06600
kf530477@gmail.com:xXSteam66Xx
jamesdogli14@gmail.com:sundaydogli12345
sasdizsolt82@gmail.com:BakiHanma16@
rosoana@gmail.com:kjkszpj87
jimmymartinez@gmail.com:jimmymartinez
ma7moudqadry@gmail.com:ma7moudouu
tarekaz874@gmail.com:123654tarek
lotfimuhammad3@gmail.com:Lotfi10051984
mohamedelyamany55@gmail.com:Salma1704hoda
youssefwaleed0001@gmail.com:walker#66000
019zogo2019@gmail.com:footballyoussef
addda8729@gmail.com:0124430125
dr.marinagamal94@gmail.com:Danial123#
eng.raafathanna2@gmail.com:29031967
hasan532000@gmail.com:3535hasan
mohamed.hossam20081967@gmail.com:gebril1967
mido2gogo2@gmail.com:gebril1967
mahmoud077vip@yahoo.com:mahmoudghboy
hooba.yousef@gmail.com:01121113648ehab
heartkeko@gmail.com:bbj2575771
Dr.rezque@gmail.com:Dr.rezqueabc
youseftalat77@gmail.com:Talat123456
youseftalat@gmail.com:Talat123456
calamillor@opticaflorida.es:$csiyiyak*
bogdanc74@gmail.com:Dragalasu74
jcagrelof@gmail.com:26041965jc
zikaneymar22@gmail.com:ZIKA01019457292
montse.martos@moldtrans.com:Sara1973@
mariacalvomosc@gmail.com:30112001
isaias.pernia.serrano@isbilya.es:isaias2006
isaias06toloco@gmail.com:123456789isaias
jpelisset@aliceadsl.fr:JP60armande
souadben92@gmail.com:nawell92
johnscreen1953@gmail.com:Lydie1@7@
johnscreen1998@gmail.com:John26022@@4
rileymeehan2011@yahoo.com:rc3q_iExTWh6wE4
onella539@gmail.com:1985june
mickybo2009@gmail.com:june1985
vickyskene4@gmail.com:JuneJuly1985
luminakreiss2907@gmail.com:julka3002
sotakapana@gmail.com:minionebi
sota1290@gmail.com:minionebi1
hazemhosny333@gmail.com:01069909994
jamesdogli14@gmail.com:sundaydogli12345
adonijahosei398@gmail.com:asdfghjklasdfg12
theophilusamengor8991@gmail.com:Theophilus8991
rosoana@gmail.com:kjkszpj87
pierrelouisd78@gmail.com:DAPILO1234@
sasdizsolt82@gmail.com:BakiHanma16@
kf530477@gmail.com:xXSteam66Xx
cshacknumber2@gmail.com:Tomix1111
wtwich16@gmail.com:Tomix1111
asxd5656@gmail.com:Almafa1234Tomix1111
norbertjonas891@gmail.com:norbika0953
kforizs1977@gmail.com:Apa1977!
aymansdera01011878911@gmail.com:01011878911
kholilndc@gmail.com:NDCkholil2020
satoroguojo@gmail.com:abbas12341234
hadyramadan2002@gmail.com:01015508834010024171053386896922
ttmp4677@gmail.com:hamedyaseen2003
yahya.mohamed.alum@uoitc.edu.iq:Yahya5375#
aalisalem4@yahoo.com:crusher5415810
sarah_love234@yahoo.com:crusher5415810
studiok1@yahoo.com:5415810ali
rap.crusher@yahoo.com:crusher5415810
ayadkurde5@gmail.com:Kurdistan1998
ikraamuddin@gmail.com:shishimogaa1414
c18-0049-906@uphsl.edu.ph:Uphsl123
karinacurbelo2016@gmail.com:LucasCurbelo1010
tamangsargam72@gmail.com:FIRSTclass123
mccreajeff@gmail.com:Mcc1809rea!
aemanshakeel26@gmail.com:A2611eman
frogdude05@gmail.com:Fuckoff1142069$
domyamkun@gmail.com:9674toshi
thebopitfan@gmail.com:thewindowsfan1234%@#$
usman0252920@gmail.com:6969jutt6969
u3532072@gmail.com:6969jutt6969
edow8424@gmail.com:Shaunwilson1
Zaidbeige@gmail.com:Zaidbeige3127066
32602@montfort.ac.th:6/4/2544
mingsanyo@gmail.com:09102516
malejang@gmail.com:malejangABCzxc06042544
isaacferreiradealmeida10@gmail.com:isaacferreira1012
m-6026169@moe-dl.edu.my:smktp123
morganchoong2004@gmail.com:MorganGood@9
seazone.johor@gmail.com:SeaZone01
jordan.millerr@outlook.com:GRiQ_ye:R2HT3Af
norbertcads@gmail.com:norbie5108
stonerkimo@gmail.com:P0wermaskl0rd
ardenjadez@gmail.com:XYrt5075zz
jacefett5581@gmail.com:Fett55812
pete9461@gmail.com:Echo@9461
chelgrenzack8@gmail.com:Zacharychelgreen122
zacharychelgreen1300@gmail.com:Haleyann1
pakapong@gmail.com:282527Pang
kittapus552@gmail.com:G0894470549g
patchanee488555@gmail.com:0894470549
07719045409aa13@gmail.com:AA1988aa
matheusoff112@gmail.com:Newyork58#*
mamieworld401@gmail.com:Emmanuel31090
acabadojireh@yahoo.com:eagann0662
arshahmed12624@gmail.com:arsh12345
gauherbano27@gmail.com:nainaapaa
arshahmed12624@gmail.com:arsh12345678
fmwani007@gmail.com:welcome007fmw
faizansammy@gmail.com:Zakura@123
fmwani007@:Zakura@123
keondrdass@gmail.com:Tiffany3205678
nejmeddineaouidet@gmail.com:71630397nejmeddine
alchouroukOnline3@gmail.com:ismailfaycal2017
Alchourouk2021@gmail.com:Alchourouk@@2021**
riabimedali18@gmail.com:3asssba02
maphiuw1@gmail.com:AlexC12620
maphiuw12@gmail.com:Millye56
spiritualpacifist52@gmail.com:Lsutigers2k23
isaaccaasiphnx55@gmail.com:qwertyy66$
edfxzvdd@gmail.com:Redwarrior34
fnhbfuvtv@gmail.com:Redwarrior34
criticalkrisp@gmail.com:Redwarrior34
tyedyeskyz@gmail.com:Kittenz81
blank1822@gmail.com:Kittenz1981!
yanelisgarciamuniz@gmail.com:DJ_YusneY
yusney.sariol@gmail.com:93021625000
bethany.willis@evsck12.com:4124047!
wojtekminecraft.rmx@gmail.com:$W@jte#1%23
s180049@student.k12northstar.org:empty269
azhariahmad88.aa@gmail.com:Azasma1907
modicaangelo290@gmail.com:angelopodin14
drako5522@gmail.com:Drowssap22
25busselay@nilesmckinley.org:00250165
laytonbusse80@gmail.com:Hoocaye1432!
Larae514@gmail.com:Zackery2004
hdraper@bishopblanchet.org:william01$$
chris.05232007@gmail.com:q5HG2iG7FtJPv:e
sxuxlz.439@gmail.com:Gordo2007
dj808ks@gmail.com:Milana12
Slumz93@gmail.com:Milana12
5850624@gmail.com:j5850624j
szaboi535@gmail.com:istvankicsike1950
felnitzltd@gmail.com:PASSword_2016
caotechltd@gmail.com:Pass_word2022
byronrufaro@gmail.com:RUFAROMAUYE#14
goncaadam065@gmail.com:Adam11Elias13
prettysara7@gmail.com:ttt222!!!
tangry86@gmail.com:ttt222!!!
viviennetayoan29@gmail.com:viviennetayoan29
maxenneclaire@gmail.com:mzzbj719qwo
clairetayoan@gmail.com:clairetayoan29
tayoanmaxenne2224@gmail.com:lovable112002
vtayoan29@gmail.com:vtayoan_0129
mtayoan_20ur0068@psu.edu.ph:abogada1122
azhariahmad88.aa@gmail.com:Azasma1907
abdoolmaleekade@gmail.com:08096564847
Bruno504333@gmail.com:heb50433
sparklesv420@gmail.com:Cleptomaniacv1$
kipc.dktcnstwr@gmail.com:KipCtwr2o2o
murillo31210@gmail.com:pinkslips5
drmpsantos10400@gmail.com:991586592Dd
danielsantos2021pf@gmail.com:991586592Daniel
jonathan96ahlberg@gmail.com:124578J.a
briceybrown3@gmail.com:bricebrown08
2021393303@student.uitm.edu.my:Mu@393303
balqishanessa300@gmail.com:allahmahabesar
25hafenjadc@washk12.org:Funt!mef01
geo.pineda456@gmail.com:Geothegreat15$#
geothemiracle@gmail.com:geotheamazing
kaichen4419@gmail.com:pinakasofiisticated
aceplayer1982@gmail.com:Pwj1a4y3
xxpinto6@gmail.com:Xxpinto(1028
sebastiansebastian19955@gmail.com:CyberlinkPower2Go
20172margaridaribeiro-ee@aeplegua.pt:19176397
ptrckglr@gmail.com:lizasoberano123
ilacadjowell8271@gmail.com:eldeyixz
juliankucharski5@gmail.com:Kobietka20
albert.maharjan94@gmail.com:fuckingho5tile
mhaggerty713@gmail.com:Momomo713
otaani2@gmail.com:Evilem49$.
caduzinho121231@gmail.com:dado12345
cadu17082010@gmail.com:caduzinho170810
leoshu100@gmail.com:Venus14!
lshulman2027@sffriendsschool.org:sffs2020
bjapaksanwa@gmail.com:Sc@Rl3tH3r0#
bijusanwa@gmail.com:Sc@Rl3tH3r0#
bijaya.l@shikhartech.com:H3ro0fnevad@190
johnnydiaz@academircharterschoolmiddle.com:johnnyd2008
nitrvenom@gmail.com:ghostyboy1157
juliansnake1@gmail.com:vermilion
hmuethetkhin0916@gmail.com:poepoe0916
nipunchamodya20020627@gmail.com:Maleesha@200508
asmary.9959@gmail.com:Asmary41682
al.asmary.9959.10@gmail.com:Asmary9959
a12030@aecarlosteixeira.net:20222023
mandennouga@gmail.com:adama1200@
chaka.keita@gmail.com:Adama1200@
siaka.keita120@gmail.com:Adama1200@
heslertobar@gmail.com:tth1999h
dev.shin2020@gmail.com:sacredgate
dev.shin2020@gmail.com:Developer2022!!
hybridr14@gmail.com:kannazukinomiko!!!
hyralb21@gmail.com:kannazukinomiko!!!
Charlieboudreau287@gmail.com:Rosie772
rubrodownplay@gmail.com:rosie777
cbouderau@ersd.org:cb949100
mubeenamanat.dev@gmail.com:Ma5166950147dev
earldavedollosa@gmail.com:Scourge22
cjndepasupil2010@gmail.com:kuntakenta
dgcfh6543@gmail.com:12345678
ownerkeymm@gmail.com:Ww1395##
vincentaarnaud@gmail.com:BarlinkaRules77
smurfenlol2@gmail.com:MOHD@122
mk.alghamdi.2023@gmail.com:MOHD@122
mk.alghamdi.2020@gmail.com:MOHD@122
burakcebi1988@gmail.com:bB--1988
marvel83102@gmail.com:Marvel123
rozeskin636@gmail.com:hailmarypass@1
jasser.jebali@esprit.tn:jasserJJ123
ronnorcollings@gmail.com:Corrne159
jallohjari@gmail.com:Alasane1
ibrahimkabhai7@gmail.com:Ibrahim123*
rockhouseminna@gmail.com:24@rockhousemx
victenon@gmail.com:goodboyrcf
Robertsmithwastaken@gmail.com:Lovele$$1
rsmithjr3@bostonk12.org:09042009
quintoearljayrald@gmail.com:1Ilcmbcqrigi
rmmwenge@gmail.com:Mwelwa1791
enromeng@gmail.com:Mwelwa@1791
josephrivera2026@gmail.com:mylove092675
idevega26@gmail.com:mylife20261229
dotinpixels@gmail.com:@@Maqsood@@
denny.zhao@student.harrahschools.com:Dzhao6055
isaiahsw1606@gmail.com:batman06
sebastianrojascortez@gmail.com:12345678Nanci
anderparkercc@gmail.com:ARCC2009
elyonkioficial23@gmail.com:Elyonki1990@@
elyonkioficial23@gmail.com:elyonki1990
elyonkioficial@gmail.com:elyonki1990
ledframe284@gmail.com:Luk32022
mihalescualexandru5@gmail.com:andreea25iubi
talonistat@gmail.com:Zxcvbnm1234567890!
tenshigunshi@gmail.com:Zxcvbnm1234567890!
shelton@santaclaraacademy.org:sandra1995
lsontech.cpr@gmail.com:LSon5766+
ayodeleajagbe09@gmail.com:@Mercy2020
mokahmercy21@gmail.com:ayodele2020
mokahmercy21@students.unilorin.edu.ng:ayodele2020
Miner111gamer21@gmail.com:Minecraft*109
amyadumadangon@gmail.com:amyalifeordeath
spyflux06@gmail.com:lifeordeath1111
daniel.n.luz@gmail.com:Obima#072814
dustinthecool6464@gmail.com:Cody101092!
darrenseafield7@gmail.com:23051995dee
mario.bebiano@gmail.com:bebianus
ppaul990567@gmail.com:bENZEMA13500..@#
wilsontom930@gmail.com:bENZEMA13500..@#
ppaul99067@gmail.com:BALE13500..@#
gbama63@gmail.com:bENZEMA1350...@#
wilsontom930@gmail.com:Osim1350..@
gbama63@gmail.com:Rolltide1963!
ecobriant@gmail.com:Ethanisawesome2
hassanshaikh.hs85@gmail.com:Mrshaykh6t9
romelhard90@gmail.com:PASSWORDLOL.
jaym39503@gmail.com:Lexiemorris6433@
hommymorales52@gmail.com:hommy2009
robertmbaka99@gmail.com:lovington
junaidikrar@gmail.com:JUNAID.IKRAAR668800
caldwellty5@gmail.com:181530jm
psnboy1930@gmail.com:Tank21509
caldwellty5@gmail.com:Tyrell21509
Galzlej@shar01.com:rjafEsXU
ujaved601@gmail.com:IAmUmerJaved@5645
UJAVED601@GMAIL.COM:banana420
maria.lucero@pges.manila.edu.ph:136456131231
bambi.lucero@pges.manila.edu.ph:136456160658
gn890672@gmail.com:7352595c
safeslayer2009@gmail.com:SafeSlayer12!
rohansingh2@deptford.k12.nj.us:10467dept
bogdanpst@gmail.com:Drapanai02
bubbahseiuli105@gmail.com:Prianne05!
25seiuli.prianne@waipahuis.k12.hi.us:seiuli05
hannahbluhh94@gmail.com:P$eiuli05!
prihannahseiuli5@gmail.com:Hannah$19!
23seiuli.prihannah@waipahuh.k12.hi.us:Hannah19!
lenovothinkpadt615@gmail.com:/H@rold[~993~]Lula60=15#\
facedropping@gmail.com:/H@rold[!%&]Lula615#\
etscntex@gmail.com:farkai123000
oreonotocactus@gmail.com:Har@ldLula615
unyoskie1977@gmail.com:giopot21
dinoppuno@gmail.com:dinopuno082804
burakcebi1988@gmail.com:bB--1988
AquariusAdgerson@gmail.com:Blue45670
dminh1679@gmail.com:minh051282
teitea55@gmail.com:325Rt7984
huntersmallwood336@gmail.com:hunTer1111
shihabali357@gmail.com:01748429997
lanzaatr000@my.jordandistrict.org:Legendary21!
tonydenonte@gmail.com:Legend21!
ifscintillating@gmail.com:PassCode@909460
astraldimension369@gmail.com:PassCode@909460
dragneil387@gmail.com:Tr0janm@n
aadbulk05@gmail.com:Angel9876
qwertyskt1@gmail.com:Sheidakayn88
ramos1142001c@gmail.com:ramos1142001
jeffreydulay2020@gmail.com:jeffpogi2020
dumztvfarm@gmail.com:jeffpogi2020kat
stlucifer2022@gmail.com:jeffpogi2020kat
mariamalayadeleon@gmail.com:Juma1985
rtcbranch17cityofilagan@gmail.com:JCchisheca
corazonfd00@gmail.com:thaniaboy
kaleoakioka19@gmail.com:Mekaleoo300
bronyrainbowdash2@gmail.com:mekaleoo790
theekshanadilshan374@gmail.com:dilshan200796
bryanabrego7u7@gmail.com:Eri130522
cmanzano.marstel@gmail.com:Marstel005!
chrisleyc7@gmail.com:kamwandi2006
pudimdoce58@gmail.com:2309samuka
lionmedo636@gmail.com:Nn4455668800
jclen78@gmail.com:Mypassword9
hurtzzrunes@gmail.com:Jagexpass9
javiusdd@gmail.com:jayturnup1995
cagayankelvin@gmail.com:Deathwillbedenied
shaquilleoatmeal40@gmail.com:davijam123008
tavieon618@gmail.com:Tavieon123
anthonymickiel3@gmail.com:Antnnye1
amickiel1@cps.edu:Antnnye1
utkuuras2011@gmail.com:utku-2011
bokludere32@gmail.com:utku2011
utkuuras2011@gmail.com:utku.deniz2011
geo.pineda456@gmail.com:Geothegreat15$#
geothemiracle@gmail.com:geotheamazing
kaichen4419@gmail.com:pinakasofiisticated
garincolvin46@gmail.com:Garincolvin#1
jbajrev122@gmail.com:mecho12345
jdell1313@gmail.com:Jayden1123!
choonajeju@gmail.com:r0xian10!
roxanegracia03@gmail.com:Exp-03-roxy
ethanjay2009@icloud.com:.gd4-wc7eLubByd
brandonontwitch@gmail.com:2158463791
bishurestx@gmail.com:restinbishu
reyeshero849@gmail.com:H@@ron012345
smsinc.marketing@gmail.com:$msAM2022i
englardkarol1@gmail.com:Eloelo12!
ksrolek69@gmail.com:Eloelo12!
hulutanicu@gmail.com:bleanda00
thieleair@web.de:Cptpt_260448
ThieleAir@web.de:cptpt260448
ilacadjowell8271@gmail.com:eldeyixz
marcopinnelli4@gmail.com:0927ocraM
muiz12969@gmail.com:abdulmuiz2005
isaiahsw1606@gmail.com:batman06
ningagaming0795@gmail.com:Trasai07$
ferdikaya88@gmail.com:Z.k180305
q.shahzad.ktk114@gmail.com:qshahzadktk114gmail.com@
patte.olesen@hotmail.com:Epatraktor050
agucreatives@gmail.com:31/08/2000
rkvisuals2023@gmail.com:31/08/2000
xmosuetr@gmail.com:bylynch124556
bylynch1@gmail.com:bylynch1212
mehmetibesim1@gmail.com:Erkan2008
irkanmehmeti@gmail.com:Erkan2803
irkanmehmeti@gmail.com:Erkan2008
engarqana1000@gmail.com:JD1221MF
umairstar32@gmail.com:Maryamzahra-2
kdarrynnoel10@gmail.com:Kdarrynboi89@
masionnoel@gmail.com:Kdarrynboi89@
wyatt.holl2000@gmail.com:Towing101
logan.smith72806@gmail.com:LoganDeanSmith.5363
leoskrilleroallfull@gmail.com:leo21nieves
goodendyd1@gmail.com:dhkdn3022
blockkenji538@gmail.com:kenji360__
babiior73@gmail.com:babi9008
gameshome09@gmail.com:playreypley10
kriegskake@gmail.com:21092001Da
danielmago137@gmail.com:21092001Daniel
jose.marques.21910@meu.ipta.pt:JoseMarques
luciamarques@agsobreira.org:2007janeiro08
iyedazaiez9@gmail.com:astathegoat
pintokev@hotmail.fr:lebossdu15
hamandikamarthen@gmail.com:Malang1997
arif.asaldin21@seabs.ac.id:rarrar099887
iliakandelaki75@gmail.com:kandelaki333
notgamerpro9999onytytyt@gmail.com:(Gamerpro9999)
fofanakoutoubo88@gmail.com:0766454026
lubinondomezui@gmail.com:neufchateau18
arnold.2swords@gmail.com:Gmail2Arnie3584G
makotonaegi777@gmail.com:hdNf_ssbZS3.G_k
pay0986we@gmail.com:6xp:XR9JJZ2mYU9
jduvanfranco@gmail.com:Asantiago941092000
gael.valle.ezr@son.nuevaescuela.mx:cambiame0565
vallegael12@gmail.com:rOblox25
dreamysyt@gmail.com:Tyler102008
beasthyper171@gmail.com:Office.364
oligohorlick@gmail.com:MaryComel22!
marcoantonio.ribeiro0502@gmail.com:Dhxzzin7
comiseucu45@gmail.com:MATHEUS00
2028davic72@moundsviewschools.org:pizze2488&$!
jamesland679@gmail.com:pizze2488
daviscourtney679@gmail.com:cdavis2010&
dick09254@gmail.com:0925433933
shwrbly09@gmail.com:0925433933
camilosolis195@gmail.com:camiloelpro07
miernik111@gmail.com:mordarastiego
tieno0307@gmail.com:-Pegoss+1967.
jean67.jt@gmail.com:-Moinlela+974.
tieno0307@gmail.com:pegoss1967
michaelh@student.lucksd.k12.wi.us:#69696969
ghostishost01@gmail.com:Denzel102
willisquisha@gmail.com:ghostmoney_12x
sohaibaoumar2@gmail.com:sohaib2000
cooperhodde69@gmail.com:ggman444
cooper.hodde@gmail.com:Harper400$$
darklegend6928@gmail.com:khan6928
legendkhan6928@gmail.com:DarklegenD6928
csgolegend6928@gmail.com:DarklegenD6928
Stones.silver99@gmail.com:HTY123412341234
20181061@kennedycolegio.com.br:#oliarada2011
daviaraujogames9517@gmail.com:davi2805
rdestilos21@gmail.com:davi1006
mr2919063@gmail.com:chino15PTY
somnanglove9090@gmail.com:lolloy0990
carlos830218@gmail.com:celestia1999123456789-*/
bybrknz@gmail.com:PNVAVX49UMCN.
twburkiniz@gmail.com:Seyburki123.
burkigta1@gmail.com:PNVAVX49umcn.burkiniz
hassaneidan34@gmail.com:Hassan@2010
hassaneidan243@gmail.com:MLOO@1981
villasrinamar@gmail.com:rishi2605
rishimaher@ceipparquelareina.es:palmeral10
maherrishi86@gmail.com:Palmeral10
dheriklopes16367@gmail.com:espoleta987654321
erikssonwilliam16@gmail.com:william00william00
byhugo2006@gmail.com:lojoo2006
gd795504@gmail.com:Gonzaelpro24
nicholasnaplessingapore@gmail.com:Gdtlfgk5
watsonbr1@student.fortbendchristian.org:Fbca5465804
felpassouza@gmail.com:kiniksz009
felpassouza@gmail.com:Caracol009
mariusz031093@wp.pl:mariusz0310
macphersonsamuel@icloud.com:0310468D
edgarmorais932@gmail.com:12429704Kedgar.
edreekisagodyouknow@gmail.com:Dakota20092009
Mitico_pietro@hotmail.it:Granturismo5
vidalfran2007@gmail.com:Tiley133Gmail
kerrysanches@gmail.com:kerryrojas211203
miguelmoyses31@gmail.com:miguel31133
daykolu.35izmir@gmail.com:44299468400
orikarni20@gmail.com:or89or80
isacgomes318@gmail.com:Rmd1712$
isaclevi21@gmail.com:rmd17121712
melogabriel266@gmail.com:sideni80
kentaviousrhynes751@gmail.com:Kentavious12345
geunubag02@gmail.com:1qazxsw23edc@
a3tr0jack@gmail.com:Tyler@20091
juannelo762@gmail.com:perla2145
chunnusoftwareengineer@gmail.com:chunnu@8809
jorgedgn@gmail.com:JorgeGOAT2001
crazytrip565@gmail.com:78805Dfp
ccrazydee666@gmail.com:Deegan.123
ale79bs@gmail.com:Infrazione1!
gogoiprince41@gmail.com:Icandoit@070707
mluispablo38@gmail.com:papimami123
edumarian10@gmail.com:luci1988
sergiuluci1@:luci1988
mttv93@gmail.com:TraC93ZH
ceyepherbusiness@gmail.com:11February2058
electrobluefeeltherev@gmail.com:Februaryzerotwo02
Joseipalafox08@gmail.com:Isaiah2301
buiduchuy675@gmail.com:huy060910
tomastimotej1010@gmail.com:ITttstpc2258ITpc
jozkomrkvickajozef1@gmail.com:Jozynzbazyn4
gabriel.19255057@aluno.ensinoelite.com.br:billy280113
bryantshaprei9@gmail.com:Elijahb-25
dontluvvjah@gmail.com:charlesg2011
mailerosemariemcdaniel@gmail.com:Sths2020
marcelohrmoraes30@gmail.com:kincas25
diegoortegaespinoza@gmail.com:Linuxx3V3
linuxxv@gmail.com:diego0309
15837@espamol.pt:0crismil0
hldoxtator06@gmail.com:carbrotacy993
chuckydill4@gmail.com:Fatone27
cerninvaclav56@gmail.com:VencaCZ99
cerninvaclav178@gmail.com:VencaCZ99
leokanndas187@gmail.com:mamaichbinlost1
refablo69@gmail.com:Batmazbabo2002
Jakyhess@gmail.com:Heid.Sm-L2_vVHM
laura.pascali164@gmail.com:Laura1972!
dneemias8@gmail.com:neemiasdaniel12
noelbreuer07pc@gmail.com::z_7u53Hysd7_YB
noelbreuer07@gmx.de:x-h5AAy!S3GS6R7
noelnagy671@gmail.com:Camaroyamaha76
nbahr88@gmail.com:kiameathon
denisivanvillallano@gmail.com:denis234
matheusbenevides62@gmail.com:mathlann3475
matheusmtsm67@gmail.com:mathlann3474
201903071@fortec.edu.br:fortec@mat34
202003010@fortec.edu.br:fortec12345678
annis101113@gmail.com:Dasanni2013
cassijaquem1234@gmail.com:34654389Ja
riko.aljasmae@ksg.ee:Diivanilaud1
legend_bacon@gmail.com:Diivanilaud1
legendbacon1@gmail.com:Rikstiks1
mikaelllopes62@gmail.com:Lopes1910@
mikaell.lopes@tauntonschools.net:Lopes1910@
ffuujin@gmail.com:fujin2022
tenhunennuuttiveikko@gmail.com:m1k3t3nh
giorgi.abashidze@sgschool.ge:Giorgi123
abdraoufbalouli89@gmail.com:abdraouf2008
ahmedbalouli3@gmail.com:baloulibalouli
armen.bloodmoon@gmail.com:NewStory2021
shanew096@gmail.com:Shane120502
tylerwilliamson09089@gmail.com:Aberdeen12!
thegamingweedman@gmail.com:thelastman24
benjaminpetrovsky85@gmail.com:BENJA8458.
tetonlive0022@gmail.com:TetonLol7!
inghack874@gmail.com:Anonimus9
rohit.k5780@shivashikshasadan.com:shiva2022
supanai16815@namyuenwit.ac.th:123456789
j.benzan00@gmail.com:Pelotero1234!
jeremiahsavagebey4@gmail.com:Walkdown4x
luisangel.jgl03@gmail.com:@luisangel.luisangel123
yoberliz@gmail.com:luisangel.luisangel123
btsofficialv1@gmail.com:Sasuke123N
theoweg2008@gmail.com:20Elsa20
kimdawon898@gmail.com:k9513512!!
kindawon1@gmail.com:k9513512!!
wjwkdth1234@gmail.com:k9513512
dkssudgugu@gmail.com:k9513512!!
ckawlrwlr@gmail.com:k9513512!!
bedm4903@csddocs.org:fishcode5
rjose0532@gmail.com:3123593347Jj.
currie-j@dainferncollege.co.za:MikeTyson123
matheus.matsuda@aluno.escolamais.com:escolamais2022
matheus.matsuda@aluno.escolamais.com:matheus05106791
mymatsuda88@gmail.com:matheus123
measkiller@gmail.com:mateus0510679
amanciaramirez73@gmail.com:ourgodisgreater
renaldoagramonte4@gmail.com:ourgodisgreater
alyfferadrianosolevicz@gmail.com:L@s@nhA127
alyffer127@gmail.com:L@sAnh@127
yunusbeyza3@gmail.com:yurab4ba
finianyt.otto@gmail.com:ilmgfsm:)
finianyt.otto@gmail.com:finian2022
20680259@cuautla.tecnm.mx:Danirep10
VASQUEZDIAX96@GMAIL.COM:Mandarina_033
mariafernandavargasardiles@gmail.com:mandarina512011
aguilarramosnoemi@gmail.com:mandarina512011
lenny.rehlaender2006@gmail.com:!Len_nart2022!
schokorohwer@gmail.com:Kalli10.5.4
rohwerjannik2@gmail.com:fortnite
hothengst001@gmail.com:Nilo120773
jannikrohwer1@gmail.com:Jonasrohwer
vc.mahadik@gmail.com:ved12345
luckypconly495@gmail.com:shivam9536
caio07silvestre@gmail.com:Kingkylem@n777
caio21silvestre@gmail.com:Kingkylem@n7
caio07silvestre@gmail.com:Kingkylem@n144
davidvalinick@gmail.com:davio2022
Sr.matux@gmail.com:loapro0205
x63299@gmail.com:191983..
liam.crossley11@gmail.com:D@vos!!!
emretemirci2001@gmail.com:vape2001!
marcinzielony135@gmail.com:Matipros13
omnaizroblox@gmail.com:MateuszT13579
robertsdamien101@Gmail.com:callofdutyblackops88
robertsdamien101@gmail.com:callofdutyblackops
nicklasguldbech@gmail.com:Nicklas1234
pedroleandro.1@gmail.com:88271007Pl
hsam9919@gmail.com:Ammar2005@
ammarchahadi80@gmail.com:Ali2020@@
ewerton2021big@gmail.com:03559030Ew
doritos1655@gmail.com:estrogonofe
hagenfein@gmail.com:hf060964608
relxsticamp@gmail.com:Terence@21
bblrecoverybed@gmail.com:Terence@21
Alexandria77777772@gmail.com:Terence@21
yayoketa666@gmail.com:36962822abc
facundooscartoledodo@gmail.com:36962822abc
hanocq.thibault2004@gmail.com:Vacances*2004
Linaungnaing05@gmail.com:NAINGLINAUNG12345678
mohammedmuaddell@gmail.com:13579adnanA
nour.walid.mu@gmail.com:248adnanA
Shaydon12@outlook.de:Abbyundmax1998
sdg9125@gmail.com:jeel7582
guilmar2569@gmail.com:T5np4u32
clandrx9@gmail.com:Ixyfire07
borjasalejandro24@gmail.com:Ale240202
pp51034600@gmail.com:01072549
kaboubacar0695@gmail.com:Bonjour2002
gooogle607@gmail.com:13127641476Ary
ketkenika@gmail.com:Kenika249356
salman.g20961@iqra.edu.pk:Stu@IU123
isidromichel0717@gmail.com:michel0717@
bilalbhatt0300@gmail.com:@bilal786
desAmalalarayshi@gmail.com:Amal$$$1997
lt700mobile@gmail.com:akhunzada
fkomdu@gmail.com:mlungisi
hurlopaul@gmail.com:Till1990
haninhbh@gmail.com:tranninh12345
ymirza003@gmail.com:house351
riqueoliveira1802@gmail.com:henrique180208
janjajanja704@gmail.com:janja1234majdanac777
S.sretnik@gmail.com:janjasenad123
energgija@gmail.com:frekfencija
janja.majdanac@gmail.com:poslovnaposta123
ga1778434@gmail.com:lK9ymZdvp9BKN7
yourlight60@gmail.com:44.gg7254
techit.uss@gmail.com:bookbik1234
meleyim0727@gmail.com:azmantek072707
kevinstar07@gmail.com:propinoxato15
mmodontk@gmail.com:Mostafa9992001@@
Mostafayahya000@gmail.com:Mostafa9992001@@
lookingfor292009@gmail.com:29092009Danh
victor.tapia.correa@isaacnewtoncaj.edu.pe:yZ9=nK&J
julius.elarmo@eflexervices.com:vin489446
joed.tiquiram19@gmail.com:DemitriKyle11
mariquitleonie@gmail.com:joed19dwyne19
adrianhasbeentaken@gmail.com:DemitriKyle041988
mariquitjoed@gmail.com:DemitriKyle11
dwynemariquit12@gmail.com:Dw3ynegwapo12345
kailashkchakravarthi@gmail.com:QQZZ12##
kailashkchakravarthi@gmail.com:qqzz12##
fede.renghi@gmail.com:ferenghi01
federico.renghi.stud@iiscatr.it:ferenghiscuola
viri.consoli@gmail.com:ottootto67
viri.consoli@gmail.com:ottootto67
luca.burry31@gmail.com:Burry6434
burriesci.luca16@studenti.itispininfarina.it:Burry3110
criniti.chris@gmail.com:FZ8jC6Jmxu&V2cWP
gaminghoallpher@gmail.com:shanvirsingh10
shanvir80@gmail.com:shanvirsingh100
gaminghoallpher@gmail.com:shanvirsingh10
shanvir80@gmail.com:shanvirsingh100
ranichandera1@gmail.com:chandera12345
sk71570913@gmail.com:Skt0913!
agnaou.toufik@gmail.com:AGNAOU0698594323
semanjakuj@gmail.com:delln5010
drclaudiomorley@gmail.com:Clau11789
elrodrimanda07@gmail.com:rodrigo.10.
juancruzgrasiozettiii@gmail.com:lia202223
tecnoland2012@gmail.com:2569Metalleze
adrianorivero12@gmail.com:47484990
fuenisan@gmail.com:tunsanfuen
claveriebautistagabriel088@gmail.com:Bautycapo121
gabrielclz628@gmail.com:27400324
renasbell@gmail.com:soymainyasuo
kingscarscar5@gmail.com:seifulla22
nsa2e75@gmail.com:seifulla22
marjanovicn.162@gmail.com:Turbosexmasina99
aleksa08105@gmail.com:ciganskipq
aleksa08105@gmail.com:ejalobidi
mohallilislam19@gmail.com:0201ohin
mdhasmatsorkar@gmail.com:sarkar@akhie1@
pesbd2818@gmail.com:farhan2005
Tanvirahmedtuhin333@gmail.com:tuhin12243648608990
skshakibursourov@gmail.com:1224364860
mdtanvirahmedtuhin8990@gmail.com:1224364860
TanvirahmedTuhin2005@gmail.com:1224364860
bobiradev097@gmail.com:bobkataBG
bobiradev95@gmail.com:bobi1231B
szenteno2-es@udabol.edu.bo:kendra2667
0ripskyz0@gmail.com:380830D4x
adayaalves9099@gmail.com:mikee6672
mikeee0015@gmail.com:mikee6672
eumikee2@gmail.com:mikee6671
edenilsonchvs@gmail.com:novasenha
luffy77sx@gmail.com:Pqp4321f56
vytin800@gmail.com:77895610
gabriellessa03430@gmail.com:GabrielP.D123
wesley.silva24@aluno.senai.br:yosakiro123
gabrielpd093@gmail.com:GabrielP.D12345
gabriellessa03430@gmail.com:GabrielP.D1234
pietromlsantos@gmail.com:ams291108
igopsilva29@gmail.com:jc291826
victorbm859@gmail.com:Victorbm123dfg
luidyccmara@gmail.com:Luidy2022!
robson.rdss2000@gmail.com:kakaroto121324
ueris.oliveira@aluno.senai.br:79987920272002
dannxs2g@gmail.com:Batata$844
sec.staterezinha@gmail.com:125*125admp
moonniickk.ferreira@gmail.com:Moni0712!
moonnickk.ferreira@gmail.com:Moni0712!
nataliciosilva166@gmail.com:Deuspai333@
kauanleroy6@gmail.com:Gtaonline1112
caioprofessor2016@gmail.com:nego2022
japaprofessor2016@gmail.com:caio03101984
dedeidastrilhas4@gmail.com:Saopaulo00
dedeidastrilhas@gmail.com:victormanoel
sooutricolor@gmail.com:saopaulo00
fodakilua@gmail.com:Bia2324@
alesouza20@gmail.com:Geracao1@
pedroherique73934@gmail.com:pedro009988.
paldentshering@education.gov.bt:Chhuden30
johntum2109@gmail.com:january212))9
deshawnden.campbell.08@gmail.com:Franki33
martinrojas1446@gmail.com:martinymia
matiias.nicoolas@gmail.com:matias199621
scobarruvias62@gmail.com:sebax37.0
jhenriquez2020@alu.uct.cl:Jimena&Luis13@@
joseffox29@gmail.com:jose29nico29
joseeusebiovaca@gmail.com:vacatarazona96
bogotanapersiana@gmail.com:pbogotana123
rintegralcolombia@gmail.com:RIC3146$&@
jecastillo8634@misena.edu.co:AlsoMe123
karensofiar2010@gmail.com:123456KS
creative@socialpop.com:socialpop
castillovelasquezjuan@artesyletras.edu.co:AlsoMe123
rintegralcolombia@gmail.com:GRECOromano20+
juanescas311931@gmail.com:It'sMe12345
jecastillo8634@misena.edu.co:Juancastillo3119
juanescas3119@gmail.com:Juan3119
socialmediaalcool@gmail.com:SOC2021WSJ*
jecastillo8634@misena.edu.co:CcC3119*#
diseno3@difusion.co:Difu#357
4petscol@gmail.com:09%!*1rfnV#cGU3lU7jBmEw1k
jecastillo8634@misena.edu.co:Juan311931
marianavelasquezd@gmail.com:112254mv
financieroinmobiliario.1@gmail.com:112254mv
mikewms2006@gmail.com:mRwS2006
mikewms2006@gmail.com:mRwS6002
jecsanluna61@gmail.com:jecsancampeon
joseluis@gmail.com:cuenta1234567
emimun2508@gmail.com:diegoemi2221
jakubonka761@gmail.com:Jakoubek5
ismailamjad340@gmail.com:Telugao21
wilyn8297961141@gmail.com:onepiece8297961141
RAMZI.2543@YAHOO.FR:LALMINABIL28081983
mchuchoc@unemi.edu.ec:0603404567
bchofis01@gmail.com:chanel01noemi
bchofis01@gmail.com:Naomi01alisson
minakvnmarcus@gmail.com:Konnapoeg13
elnaggarhaitham6@gmail.com:0452426644
www.mhmedayman@gmail.com:aplkwetm10
badtmhmwdashrf@gmail.com:mahmoud01111544072as
mo4775081@gmail.com:omara1234
mo4775081@gmail.com:1234omara
salahosama230@gmail.com:1234567890salah01000@
ahmedshafek72@yahoo.com:30209011515178
ka945634@gmail.com:khaled11111aa
iridoimarkel@gmail.com:001988Ma
sophiaoftherose@gmail.com:Gema27Sofia02
mamiblu76@gmail.com:Jamoncocido2023
pablomodochampa@gmail.com:pollosabroso67
usuario251274@gmail.com:franysergio15963578951
alenalawena2@gmail.com:Lawsun_74
aymericdc03@gmail.com:2008cef03
aymeric.dc03@gmail.com:2008cef03
ducoqalan@gmail.com:1973FabricEst
andyraoux4@gmail.com:andy2408
lukemcintosh239@gmail.com:lukeluke11
phamouzmoore@gmail.com:Machines
kermanito@hotmail.com:anna160609!
jsvdsbkfsp@gmail.com:DIOSMEAMA1
norbee005@gmail.com:BDJ-073!
rothcsaba75@gmail.com:rothcsaba75
rothbeni2008@gmail.com:rothbeni2008
fatkhifatah@gmail.com:kipasangin
darrelaqill60@gmail.com:darrel141201
edselariq31@gmail.com:darrel141201
darrelaqill08@gmail.com:indonesia141201
ade276579@gmail.com:Ariq2002
fakhiristhebest@gmail.com:alookichatni123
nfsya6615@gmail.com:hosaynion
1901142713580@uodiyala.edu.iq:zahra@89
sidadyes55@gmail.com:123Thesidad
sidadali91@gmail.com:0750Thesidad@
tabrezssmm@gmail.com:0788817979HS
selawymhmad@gmail.com:freemhmad##**
abumoussaab@gmail.com:kasmk001959asmkml001959
osoksengheng@gmail.com:Aa070873063
oeunvisal19@gmail.com:Aa016973970
shdds1@gmail.com:gozld123
khamphoutpmc@gmail.com:p28720066
khamphoutpmc@gmail.com:p28720066pk
jadgebrael7@gmail.com:jado113269
whousseyki@gmail.com:19Wael97!
royalkeyeng@gmail.com:SkyTeam59
ishansuddi@gmail.com:ishan1998@@
nightnj@gmail.com:12345689
nghtnj@gmail.com:012012345689
kinglokka@gmail.com:0713170587
ravindud2003@gmail.com:Matamathakane2003
jegaabi23@gmail.com:jegaabi3366
nethumlakdinu753@gmail.com:jester2010nethum
ratchawut.jjsornprayoon@gmail.com:Dazada79
oumaymaessarhii@gmail.com:oumiessarhi2002
abdelwahidi@hotmail.com:senkuharlock@1
zainouba202015@gmail.com:mama+1972
Soukainakardiss@gmail.com:1234Az//
mjarmouni0@gmail.com:0634542000
oussamaelahmar@gmail.com:oussamaelahmar05
chnitifa1@gmail.com:chnitifaxd
samounimohammed8@gmail.com:dimaocs1984
jihvenkresnikeedeladysound@gmail.com:zktilbamnj
spvcechen@gmail.com:akisha1404
fuego.std@gmail.com:nantenaina-22
rysjah326@gmail.com:nantenaina-22
anthonyryanraboanason@gmail.com:nantenaina-22
rijaandria9@gmail.com:Tongasoaatoambovo
radoarimananaa@gmail.com:RijaNihMi3
jasmine.jas07@gmail.com:hsumon12
mlgmacc8@gmail.com:soepay123456
sebastian.gaspar.gonzalez@gmail.com:rose17254
iansolis2115@gmail.com:Tania271012
20010753@cobachih.edu.mx:Jin041292
andrearivers2606@gmail.com:tobymora
andreayicel2606@gmail.com:tobymora
andreapimentel2606@gmail.com:jin041292
joanna.ramirez.esc@edomex.nuevaescuela.mx:Joanna2907
bryanbarrios7_2@dgb.email:Secretari@1
brayanbarrios7_2@dgb.email:Secretari@1
jamesong1975@hotmail.com:salvation76
hhbhisham201@gmail.com:Walker201!!
erching929@gmail.com:tangs172
godwinduro007@gmail.com:Godwin3778
magarkshiteez1@gmail.com:kshiteez15610
yeunas18@gmail.com:yeunas18@YOKAI
yeunasghale30@gmail.com:53X5-D7JKZw3vbL
bibekwaiba76@gmail.com:53X5-D7JKZw3vbL
Dinesh.shrestha9741@gmail.com:9741042896
unipshrestha3@gmail.com:9843630780
dinesh.shrestha5003@gmail.com:9741042896
dinesh.shrestha9741@gmail.com:9843630780
elseverisimo2023@gmail.com:prerilex
giannimartel100@gmail.com:scrapyBRUH
gianniprogamer44@gmail.com:giannixD
giannimartel100@gmail.com:giannipro
z4ck.design0@gmail.com:silvera159
andree.silvera20@gmail.com:andree159
marcolaura24@gmail.com:losinfantes123
diegoarellanoespinoza@gmail.com:Carajo500.
aediego65@gmail.com:carajo500
wolfcriscris03@gmail.com:rodocris.28
chrisangeldelacruz502@gmail.com:982837508
buenoacosta@colegiospioneros.edu.pe:Axel5224543
susanbustamante15@gmail.com:carlytos23
cr6052887@gmail.com:carlosstefanorojas
crojassa8@ucvvirtual.edu.pe:08072004
uyshunyhanny@gmail.com:youareme143
barcebaledison023@gmail.com:edisonpanget23
ficuuu16@gmail.com:Ficuu131260
ficuuu16@gmail.com:ficuu341504u
ggadziejewski@gmail.com:niemaskurwielu
rk3225000@gmail.com:Bobik8728!
kmpt326@gmail.com:Kamilowe66
kamil.plateke21@gmail.com:kamilowe66
mikoq12345@gmail.com:Lal16aaa
kryspinek2333@gmail.com:Kasia0004
szymekdyrda@gmail.com:dyrda123
megabassik.20000@gmail.com:szymon123
dyrdas@zswierzawice.pl:szymon2006?
dyrdap@zswierzawice.pl:Wiosn@21
aortiz5731@atlanticu.edu:Gabriel20
bssbasel22@gmael.com:basel123#
miad17981@gmail.com:mk857310
aboodashi2525@gmail.com:50398515
m-k-a-d@hotmail.com:mk857310*
12965@eseq.pt:Eseq.1222965
paulovsc1915@gmail.com:Adrianogomes1915
rodrigomonteiro1310@gmail.com:rodrigo_1310
joaocosta1trcpa@gmail.com:moneymoney3000
pisicasilviuilie@gmail.com:Anastasia2020$
Mjhoarau91@gmail.com:timmathh
animatorthe76@gmail.com:mama1cucu2
constantinioan126@gmail.com:gamerace1
orosdoru@gmail.com:infasil96
r08_o01_u05@lazakostic.edu.rs:Vid_2006
vladimir.vukoje@gmail.com:Ejokuv@1975
danilo.alcin@gmail.com:chodachoda7
arsenijevicnevena297@gmail.com:nevena23102004
bobanb7@gmail.com:startstart777
bobanb7@gmail.com:start7777
bobanb7@gmail.com:start777start777
ghasem.hakimi@gmail.com:GDelTaco_245
chladecky.f@gmail.com:Chlad3eckGma1l
lepimaki@gmail.com:Dakikiki12744
lepimaki@gmail.com:Kikidaki127
johnsonothello5@gmail.com:Jamejallah@1986
elimzalexxx@gmail.com:Jackboot01
alexanderstonewoods@gmail.com:Jackboot01
nikkibratz84@gmail.com:Vigilante169!
jamesmsep78@gmail.com:Donovan2005!
chillbrahpoolcare@gmail.com:Fujisaki1983!
blackoutrah@gmail.com:Rahspinz0905
Condominio.santalorenza@gmail.com:Condominiosantalorenza
jl.gonzalez.sanzana@gmail.com:marraquetadura23
mark@waltonsoftware.com:googleNotlaw03#
coreynormyle944@gmail.com:Zeus2021)
11012016@delmarschools.org:zanyrain21
hunterspamsz13@gmail.com:Jameslove4004!
nbdbd4098@gmail.com:Jameslove3001!
ashejosh01@gmail.com:mhsJ0142
a.j.alexanderpintword@gmail.com:Yojana190
elguason666tt@gmail.com:Yojanara
alexandergomezHD@gmail.com:ZLd6YFCrC6696-_
alexandergomezhd@gmail.com:Yojanara190
ljgamboa877@gmail.com:cassiela302010
ljgamboa899@gmail.com:cassiela302010
angelicaclerigo794@gmail.com:04302019
cstudio924@gmail.com:nokia@7059
irfan3372@gmail.com:nokia@7059
discountshop255@gmail.com:nokia@7059
umarfarooq@gmail.com:123asphalt9
uf592218@gmail.com:123asphalt9
mn.celik.14@gmail.com:���/��
hseyndurmaz@gmail.com:1Derin2Deniz
vb.bektas.40@gmail.com:vb20062015
afsar.dijital18@gmail.com:afsar3444
huuseyin44446262@gmail.com:dontfret
42yassoo@gmail.com:20022002a
ibrahim.gun@waternet.com.tr:Gs1905gs
gizemsnkyy@gmail.com:gi201018gun.
ceyhunsenele@gmail.com:ceyhunsenel2005555
nimitanush@gmail.com:Venkat@1
amshumansikdar2003@gmail.com:NIRMALA2019
aafaque2008@gmail.com:*yaAli110
melodystirpe@gmail.com:Norashane23
syahpbs997@gmail.com:sumisaki10
dickysyahputra527997@gmail.com:sumisaki10
dikisyaputra527997@gmail.com:Sumisaki10-
niphaphon.s@obec.moe.go.th:nppsl123_
apoppy662@gmail.com:25122542a
comb3380@gmail.com:a0894479380a
31755@srisongkram.ac.th:12345678a1
suwichapunpo@gmail.com:b0860541362
thipawantrachoo85@gmail.com:tip0929021496
berrymia62@gmail.com:prs2837QrZu49
Hussain,alfalahi90@gmail.com:Hjf@36663103
rogeriotrader2022@gmail.com:EL24ar07#
